#
# There is insufficient memory for the Java Runtime Environment to continue.
# Native memory allocation (mmap) failed to map 204996608 bytes for committing reserved memory.
# Possible reasons:
#   The system is out of physical RAM or swap space
#   In 32 bit mode, the process size limit was hit
# Possible solutions:
#   Reduce memory load on the system
#   Increase physical memory or swap space
#   Check if swap backing store is full
#   Use 64 bit Java on a 64 bit OS
#   Decrease Java heap size (-Xmx/-Xms)
#   Decrease number of Java threads
#   Decrease Java thread stack sizes (-Xss)
#   Set larger code cache with -XX:ReservedCodeCacheSize=
# This output file may be truncated or incomplete.
#
#  Out of Memory Error (os_linux.cpp:2743), pid=7992, tid=0x00007fa876ff7700
#
# JRE version: Java(TM) SE Runtime Environment (8.0_191-b12) (build 1.8.0_191-b12)
# Java VM: Java HotSpot(TM) 64-Bit Server VM (25.191-b12 mixed mode linux-amd64 compressed oops)
# Failed to write core dump. Core dumps have been disabled. To enable core dumping, try "ulimit -c unlimited" before starting Java again
#

---------------  T H R E A D  ---------------

Current thread (0x00007fa890075800):  VMThread [stack: 0x00007fa876ef8000,0x00007fa876ff8000] [id=8008]

Stack: [0x00007fa876ef8000,0x00007fa876ff8000],  sp=0x00007fa876ff6410,  free space=1017k
Native frames: (J=compiled Java code, j=interpreted, Vv=VM code, C=native code)
V  [libjvm.so+0xace425]  VMError::report_and_die()+0x2c5
V  [libjvm.so+0x4deb77]  report_vm_out_of_memory(char const*, int, unsigned long, VMErrorType, char const*)+0x67
V  [libjvm.so+0x90c570]  os::pd_commit_memory(char*, unsigned long, unsigned long, bool)+0x100
V  [libjvm.so+0x903eaf]  os::commit_memory(char*, unsigned long, unsigned long, bool)+0x1f
V  [libjvm.so+0x988346]  PSVirtualSpace::expand_by(unsigned long)+0x56
V  [libjvm.so+0x97768b]  PSOldGen::expand_by(unsigned long) [clone .part.28]+0x1b
V  [libjvm.so+0x977848]  PSOldGen::expand(unsigned long) [clone .part.29]+0xa8
V  [libjvm.so+0x9783f1]  PSOldGen::resize(unsigned long)+0xe1
V  [libjvm.so+0x97e506]  PSParallelCompact::invoke_no_policy(bool) [clone .part.118]+0xa06
V  [libjvm.so+0x9862d5]  PSScavenge::invoke()+0x215
V  [libjvm.so+0x935fb8]  ParallelScavengeHeap::failed_mem_allocate(unsigned long)+0x68
V  [libjvm.so+0xacff53]  VM_ParallelGCFailedAllocation::doit()+0x93
V  [libjvm.so+0xad50f6]  VM_Operation::evaluate()+0x46
V  [libjvm.so+0xad347d]  VMThread::evaluate_operation(VM_Operation*) [clone .constprop.44]+0xcd
V  [libjvm.so+0xad3a3b]  VMThread::loop()+0x37b
V  [libjvm.so+0xad3de8]  VMThread::run()+0x78
V  [libjvm.so+0x909c92]  java_start(Thread*)+0x102

VM_Operation (0x00007fa83e2d96f0): ParallelGCFailedAllocation, mode: safepoint, requested by thread 0x00007fa891ec4000


---------------  P R O C E S S  ---------------

Java Threads: ( => current thread )
  0x00007fa85c064000 JavaThread "Cache worker for Java compile cache (/opt/git/liferay-portal/modules/.gradle/4.10.2/javaCompile)" [_thread_blocked, id=8059, stack(0x00007fa83dbdc000,0x00007fa83dcdd000)]
  0x00007fa85c05e800 JavaThread "Cache worker for Java compile cache (/opt/git/liferay-portal/.gradle/caches/4.10.2/javaCompile)" [_thread_blocked, id=8058, stack(0x00007fa83dcdd000,0x00007fa83ddde000)]
  0x00007fa85c015800 JavaThread "Cache worker for Build Output Cleanup Cache (/opt/git/liferay-portal/modules/.gradle/buildOutputCleanup)" [_thread_blocked, id=8057, stack(0x00007fa83dfde000,0x00007fa83e0df000)]
  0x00007fa85c013800 JavaThread "Cache worker for task history cache (/opt/git/liferay-portal/modules/.gradle/4.10.2/taskHistory)" [_thread_blocked, id=8056, stack(0x00007fa83e0df000,0x00007fa83e1e0000)]
  0x00007fa891ec4000 JavaThread "Task worker for ':'" [_thread_blocked, id=8055, stack(0x00007fa83e1e0000,0x00007fa83e2e1000)]
  0x00007fa891ea7000 JavaThread "Cache worker for file content cache (/opt/git/liferay-portal/modules/.gradle/4.10.2/fileContent)" [_thread_blocked, id=8039, stack(0x00007fa83e4e1000,0x00007fa83e5e2000)]
  0x00007fa891ea6800 JavaThread "Cache worker for file content cache (/opt/git/liferay-portal/.gradle/caches/4.10.2/fileContent)" [_thread_blocked, id=8036, stack(0x00007fa83e5e2000,0x00007fa83e6e3000)]
  0x00007fa891313000 JavaThread "Memory manager" [_thread_blocked, id=8029, stack(0x00007fa83e6e3000,0x00007fa83e7e4000)]
  0x00007fa891a9a800 JavaThread "Build operations Thread 2" [_thread_blocked, id=8025, stack(0x00007fa83f6fb000,0x00007fa83f7fc000)]
  0x00007fa891a98000 JavaThread "Build operations" [_thread_blocked, id=8024, stack(0x00007fa83f7fc000,0x00007fa83f8fd000)]
  0x00007fa891958800 JavaThread "Cache worker for Artifact transforms cache (/opt/git/liferay-portal/.gradle/caches/transforms-1)" [_thread_blocked, id=8023, stack(0x00007fa83fafd000,0x00007fa83fbfe000)]
  0x00007fa89194e800 JavaThread "Cache worker for cache directory md-rule (/opt/git/liferay-portal/.gradle/caches/4.10.2/md-rule)" [_thread_blocked, id=8022, stack(0x00007fa83fbfe000,0x00007fa83fcff000)]
  0x00007fa8918e9000 JavaThread "Cache worker for cache directory md-supplier (/opt/git/liferay-portal/.gradle/caches/4.10.2/md-supplier)" [_thread_blocked, id=8021, stack(0x00007fa83feff000,0x00007fa840000000)]
  0x00007fa891723000 JavaThread "Cache worker for journal cache (/opt/git/liferay-portal/.gradle/caches/journal-1)" [_thread_blocked, id=8020, stack(0x00007fa85043a000,0x00007fa85053b000)]
  0x00007fa8915b2000 JavaThread "Cache worker for file hash cache (/opt/git/liferay-portal/modules/.gradle/4.10.2/fileHashes)" [_thread_blocked, id=8019, stack(0x00007fa8507ea000,0x00007fa8508eb000)]
  0x00007fa891417800 JavaThread "File lock request listener" [_thread_in_native, id=8018, stack(0x00007fa850afe000,0x00007fa850bff000)]
  0x00007fa8913aa800 JavaThread "Cache worker for file hash cache (/opt/git/liferay-portal/.gradle/caches/4.10.2/fileHashes)" [_thread_blocked, id=8017, stack(0x00007fa874034000,0x00007fa874135000)]
  0x00007fa8906cf800 JavaThread "pool-1-thread-1" [_thread_blocked, id=8016, stack(0x00007fa87462b000,0x00007fa87472c000)]
  0x00007fa8900bc800 JavaThread "Service Thread" daemon [_thread_blocked, id=8014, stack(0x00007fa875df1000,0x00007fa875ef2000)]
  0x00007fa8900ba000 JavaThread "C1 CompilerThread1" daemon [_thread_blocked, id=8013, stack(0x00007fa875ef3000,0x00007fa875ff3000)]
  0x00007fa8900b7000 JavaThread "C2 CompilerThread0" daemon [_thread_blocked, id=8012, stack(0x00007fa875ff4000,0x00007fa8760f4000)]
  0x00007fa8900b5800 JavaThread "Signal Dispatcher" daemon [_thread_blocked, id=8011, stack(0x00007fa8760f4000,0x00007fa8761f5000)]
  0x00007fa890081800 JavaThread "Finalizer" daemon [_thread_blocked, id=8010, stack(0x00007fa876cf5000,0x00007fa876df6000)]
  0x00007fa89007f000 JavaThread "Reference Handler" daemon [_thread_blocked, id=8009, stack(0x00007fa876df6000,0x00007fa876ef7000)]
  0x00007fa89000b000 JavaThread "main" [_thread_blocked, id=8005, stack(0x00007fa8971ea000,0x00007fa8972ea000)]

Other Threads:
=>0x00007fa890075800 VMThread [stack: 0x00007fa876ef8000,0x00007fa876ff8000] [id=8008]
  0x00007fa8900c1800 WatcherThread [stack: 0x00007fa875cf1000,0x00007fa875df1000] [id=8015]

VM state:at safepoint (normal execution)

VM Mutex/Monitor currently owned by a thread:  ([mutex/lock_event])
[0x00007fa890007500] ExpandHeap_lock - owner thread: 0x00007fa890075800
[0x00007fa890007b80] Threads_lock - owner thread: 0x00007fa890075800
[0x00007fa890008080] Heap_lock - owner thread: 0x00007fa891ec4000

Heap:
 PSYoungGen      total 483328K, used 28967K [0x00000000d6900000, 0x0000000100000000, 0x0000000100000000)
  eden space 348160K, 0% used [0x00000000d6900000,0x00000000d6900000,0x00000000ebd00000)
  from space 135168K, 21% used [0x00000000ebd00000,0x00000000ed949c20,0x00000000f4100000)
  to   space 182784K, 0% used [0x00000000f4d80000,0x00000000f4d80000,0x0000000100000000)
 ParOldGen       total 269312K, used 269306K [0x0000000083a00000, 0x0000000094100000, 0x00000000d6900000)
  object space 269312K, 99% used [0x0000000083a00000,0x00000000940fe8b0,0x0000000094100000)
 Metaspace       used 56627K, capacity 58402K, committed 58752K, reserved 1099776K
  class space    used 7712K, capacity 8205K, committed 8320K, reserved 1048576K

Card table byte_map: [0x00007fa88085c000,0x00007fa880c40000] byte_map_base: 0x00007fa88043f000

Marking Bits: (ParMarkBitMap*) 0x00007fa896698d40
 Begin Bits: [0x00007fa87c794000, 0x00007fa87e6ac000)
 End Bits:   [0x00007fa87e6ac000, 0x00007fa8805c4000)

Polling page: 0x00007fa897308000

CodeCache: size=245760Kb used=32619Kb max_used=32643Kb free=213140Kb
 bounds [0x00007fa881000000, 0x00007fa883030000, 0x00007fa890000000]
 total_blobs=10447 nmethods=9717 adapters=642
 compilation: enabled

Compilation events (10 events):
Event: 35,531 Thread 0x00007fa8900ba000 11874       1       aQute.bnd.component.AnnotationReader::memberEnd (6 bytes)
Event: 35,531 Thread 0x00007fa8900ba000 nmethod 11874 0x00007fa8829c2390 code [0x00007fa8829c24e0, 0x00007fa8829c2610]
Event: 35,531 Thread 0x00007fa8900ba000 11876       1       aQute.bnd.component.AnnotationReader::classBegin (6 bytes)
Event: 35,531 Thread 0x00007fa8900ba000 nmethod 11876 0x00007fa8829c2090 code [0x00007fa8829c21e0, 0x00007fa8829c2310]
Event: 35,531 Thread 0x00007fa8900ba000 11875       1       aQute.bnd.component.AnnotationReader::classEnd (6 bytes)
Event: 35,531 Thread 0x00007fa8900ba000 nmethod 11875 0x00007fa882c5b4d0 code [0x00007fa882c5b620, 0x00007fa882c5b750]
Event: 35,533 Thread 0x00007fa8900ba000 11877       1       aQute.bnd.component.AnnotationReader::extendsClass (6 bytes)
Event: 35,533 Thread 0x00007fa8900ba000 nmethod 11877 0x00007fa882c5b1d0 code [0x00007fa882c5b320, 0x00007fa882c5b450]
Event: 35,537 Thread 0x00007fa8900ba000 11878       1       aQute.bnd.osgi.Annotation::getName (5 bytes)
Event: 35,537 Thread 0x00007fa8900ba000 nmethod 11878 0x00007fa882c5af10 code [0x00007fa882c5b060, 0x00007fa882c5b170]

GC Heap History (10 events):
Event: 24,602 GC heap after
Heap after GC invocations=14 (full 3):
 PSYoungGen      total 336384K, used 0K [0x00000000d6900000, 0x00000000f6080000, 0x0000000100000000)
  eden space 272384K, 0% used [0x00000000d6900000,0x00000000d6900000,0x00000000e7300000)
  from space 64000K, 0% used [0x00000000e7300000,0x00000000e7300000,0x00000000eb180000)
  to   space 88576K, 0% used [0x00000000f0a00000,0x00000000f0a00000,0x00000000f6080000)
 ParOldGen       total 269312K, used 123837K [0x0000000083a00000, 0x0000000094100000, 0x00000000d6900000)
  object space 269312K, 45% used [0x0000000083a00000,0x000000008b2ef7a0,0x0000000094100000)
 Metaspace       used 54321K, capacity 55930K, committed 56064K, reserved 1097728K
  class space    used 7452K, capacity 7874K, committed 7936K, reserved 1048576K
}
Event: 29,118 GC heap before
{Heap before GC invocations=15 (full 3):
 PSYoungGen      total 336384K, used 272384K [0x00000000d6900000, 0x00000000f6080000, 0x0000000100000000)
  eden space 272384K, 100% used [0x00000000d6900000,0x00000000e7300000,0x00000000e7300000)
  from space 64000K, 0% used [0x00000000e7300000,0x00000000e7300000,0x00000000eb180000)
  to   space 88576K, 0% used [0x00000000f0a00000,0x00000000f0a00000,0x00000000f6080000)
 ParOldGen       total 269312K, used 123837K [0x0000000083a00000, 0x0000000094100000, 0x00000000d6900000)
  object space 269312K, 45% used [0x0000000083a00000,0x000000008b2ef7a0,0x0000000094100000)
 Metaspace       used 56148K, capacity 57962K, committed 58112K, reserved 1099776K
  class space    used 7664K, capacity 8169K, committed 8192K, reserved 1048576K
Event: 29,293 GC heap after
Heap after GC invocations=15 (full 3):
 PSYoungGen      total 419840K, used 67248K [0x00000000d6900000, 0x00000000f6c00000, 0x0000000100000000)
  eden space 331264K, 0% used [0x00000000d6900000,0x00000000d6900000,0x00000000eac80000)
  from space 88576K, 75% used [0x00000000f0a00000,0x00000000f4bac088,0x00000000f6080000)
  to   space 95744K, 0% used [0x00000000eac80000,0x00000000eac80000,0x00000000f0a00000)
 ParOldGen       total 269312K, used 123845K [0x0000000083a00000, 0x0000000094100000, 0x00000000d6900000)
  object space 269312K, 45% used [0x0000000083a00000,0x000000008b2f17a0,0x0000000094100000)
 Metaspace       used 56148K, capacity 57962K, committed 58112K, reserved 1099776K
  class space    used 7664K, capacity 8169K, committed 8192K, reserved 1048576K
}
Event: 31,202 GC heap before
{Heap before GC invocations=16 (full 3):
 PSYoungGen      total 419840K, used 398512K [0x00000000d6900000, 0x00000000f6c00000, 0x0000000100000000)
  eden space 331264K, 100% used [0x00000000d6900000,0x00000000eac80000,0x00000000eac80000)
  from space 88576K, 75% used [0x00000000f0a00000,0x00000000f4bac088,0x00000000f6080000)
  to   space 95744K, 0% used [0x00000000eac80000,0x00000000eac80000,0x00000000f0a00000)
 ParOldGen       total 269312K, used 123845K [0x0000000083a00000, 0x0000000094100000, 0x00000000d6900000)
  object space 269312K, 45% used [0x0000000083a00000,0x000000008b2f17a0,0x0000000094100000)
 Metaspace       used 56177K, capacity 57962K, committed 58112K, reserved 1099776K
  class space    used 7665K, capacity 8169K, committed 8192K, reserved 1048576K
Event: 31,422 GC heap after
Heap after GC invocations=16 (full 3):
 PSYoungGen      total 427008K, used 95712K [0x00000000d6900000, 0x00000000ffc00000, 0x0000000100000000)
  eden space 331264K, 0% used [0x00000000d6900000,0x00000000d6900000,0x00000000eac80000)
  from space 95744K, 99% used [0x00000000eac80000,0x00000000f09f8260,0x00000000f0a00000)
  to   space 124928K, 0% used [0x00000000f8200000,0x00000000f8200000,0x00000000ffc00000)
 ParOldGen       total 269312K, used 158967K [0x0000000083a00000, 0x0000000094100000, 0x00000000d6900000)
  object space 269312K, 59% used [0x0000000083a00000,0x000000008d53dca0,0x0000000094100000)
 Metaspace       used 56177K, capacity 57962K, committed 58112K, reserved 1099776K
  class space    used 7665K, capacity 8169K, committed 8192K, reserved 1048576K
}
Event: 33,374 GC heap before
{Heap before GC invocations=17 (full 3):
 PSYoungGen      total 427008K, used 426976K [0x00000000d6900000, 0x00000000ffc00000, 0x0000000100000000)
  eden space 331264K, 100% used [0x00000000d6900000,0x00000000eac80000,0x00000000eac80000)
  from space 95744K, 99% used [0x00000000eac80000,0x00000000f09f8260,0x00000000f0a00000)
  to   space 124928K, 0% used [0x00000000f8200000,0x00000000f8200000,0x00000000ffc00000)
 ParOldGen       total 269312K, used 158967K [0x0000000083a00000, 0x0000000094100000, 0x00000000d6900000)
  object space 269312K, 59% used [0x0000000083a00000,0x000000008d53dca0,0x0000000094100000)
 Metaspace       used 56181K, capacity 57962K, committed 58112K, reserved 1099776K
  class space    used 7665K, capacity 8169K, committed 8192K, reserved 1048576K
Event: 33,740 GC heap after
Heap after GC invocations=17 (full 3):
 PSYoungGen      total 473088K, used 124913K [0x00000000d6900000, 0x0000000100000000, 0x0000000100000000)
  eden space 348160K, 0% used [0x00000000d6900000,0x00000000d6900000,0x00000000ebd00000)
  from space 124928K, 99% used [0x00000000f8200000,0x00000000ffbfc7e0,0x00000000ffc00000)
  to   space 165376K, 0% used [0x00000000ebd00000,0x00000000ebd00000,0x00000000f5e80000)
 ParOldGen       total 269312K, used 210949K [0x0000000083a00000, 0x0000000094100000, 0x00000000d6900000)
  object space 269312K, 78% used [0x0000000083a00000,0x00000000908016e8,0x0000000094100000)
 Metaspace       used 56181K, capacity 57962K, committed 58112K, reserved 1099776K
  class space    used 7665K, capacity 8169K, committed 8192K, reserved 1048576K
}
Event: 35,599 GC heap before
{Heap before GC invocations=18 (full 3):
 PSYoungGen      total 473088K, used 473073K [0x00000000d6900000, 0x0000000100000000, 0x0000000100000000)
  eden space 348160K, 100% used [0x00000000d6900000,0x00000000ebd00000,0x00000000ebd00000)
  from space 124928K, 99% used [0x00000000f8200000,0x00000000ffbfc7e0,0x00000000ffc00000)
  to   space 165376K, 0% used [0x00000000ebd00000,0x00000000ebd00000,0x00000000f5e80000)
 ParOldGen       total 269312K, used 210949K [0x0000000083a00000, 0x0000000094100000, 0x00000000d6900000)
  object space 269312K, 78% used [0x0000000083a00000,0x00000000908016e8,0x0000000094100000)
 Metaspace       used 56627K, capacity 58402K, committed 58752K, reserved 1099776K
  class space    used 7712K, capacity 8205K, committed 8320K, reserved 1048576K
Event: 35,817 GC heap after
Heap after GC invocations=18 (full 3):
 PSYoungGen      total 483328K, used 134667K [0x00000000d6900000, 0x0000000100000000, 0x0000000100000000)
  eden space 348160K, 0% used [0x00000000d6900000,0x00000000d6900000,0x00000000ebd00000)
  from space 135168K, 99% used [0x00000000ebd00000,0x00000000f4082fb0,0x00000000f4100000)
  to   space 182784K, 0% used [0x00000000f4d80000,0x00000000f4d80000,0x0000000100000000)
 ParOldGen       total 269312K, used 255023K [0x0000000083a00000, 0x0000000094100000, 0x00000000d6900000)
  object space 269312K, 94% used [0x0000000083a00000,0x000000009330bc80,0x0000000094100000)
 Metaspace       used 56627K, capacity 58402K, committed 58752K, reserved 1099776K
  class space    used 7712K, capacity 8205K, committed 8320K, reserved 1048576K
}
Event: 35,829 GC heap before
{Heap before GC invocations=19 (full 4):
 PSYoungGen      total 483328K, used 134667K [0x00000000d6900000, 0x0000000100000000, 0x0000000100000000)
  eden space 348160K, 0% used [0x00000000d6900000,0x00000000d6900000,0x00000000ebd00000)
  from space 135168K, 99% used [0x00000000ebd00000,0x00000000f4082fb0,0x00000000f4100000)
  to   space 182784K, 0% used [0x00000000f4d80000,0x00000000f4d80000,0x0000000100000000)
 ParOldGen       total 269312K, used 255023K [0x0000000083a00000, 0x0000000094100000, 0x00000000d6900000)
  object space 269312K, 94% used [0x0000000083a00000,0x000000009330bc80,0x0000000094100000)
 Metaspace       used 56627K, capacity 58402K, committed 58752K, reserved 1099776K
  class space    used 7712K, capacity 8205K, committed 8320K, reserved 1048576K

Deoptimization events (10 events):
Event: 35,015 Thread 0x00007fa891ec4000 Uncommon trap: reason=bimorphic action=maybe_recompile pc=0x00007fa882e30484 method=aQute.bnd.osgi.Jar.putResource(Ljava/lang/String;LaQute/bnd/osgi/Resource;Z)Z @ 6
Event: 35,026 Thread 0x00007fa891ec4000 Uncommon trap: reason=bimorphic action=maybe_recompile pc=0x00007fa882e30484 method=aQute.bnd.osgi.Jar.putResource(Ljava/lang/String;LaQute/bnd/osgi/Resource;Z)Z @ 6
Event: 35,029 Thread 0x00007fa891ec4000 Uncommon trap: reason=bimorphic action=maybe_recompile pc=0x00007fa882e30484 method=aQute.bnd.osgi.Jar.putResource(Ljava/lang/String;LaQute/bnd/osgi/Resource;Z)Z @ 6
Event: 35,053 Thread 0x00007fa891ec4000 Uncommon trap: reason=class_check action=maybe_recompile pc=0x00007fa88251c6cc method=aQute.bnd.osgi.Clazz.parseClassFileWithCollector(LaQute/bnd/osgi/ClassDataCollector;)Ljava/util/Set; @ 4
Event: 35,053 Thread 0x00007fa891ec4000 Uncommon trap: reason=unstable_if action=reinterpret pc=0x00007fa882844394 method=sun.util.calendar.ZoneInfo.getOffsets(J[II)I @ 4
Event: 35,053 Thread 0x00007fa891ec4000 Uncommon trap: reason=unstable_if action=reinterpret pc=0x00007fa88276b300 method=sun.util.calendar.AbstractCalendar.getCalendarDate(JLsun/util/calendar/CalendarDate;)Lsun/util/calendar/CalendarDate; @ 20
Event: 35,057 Thread 0x00007fa891ec4000 Uncommon trap: reason=class_check action=maybe_recompile pc=0x00007fa88251c6cc method=aQute.bnd.osgi.Clazz.parseClassFileWithCollector(LaQute/bnd/osgi/ClassDataCollector;)Ljava/util/Set; @ 4
Event: 35,069 Thread 0x00007fa891ec4000 Uncommon trap: reason=class_check action=maybe_recompile pc=0x00007fa88251c6cc method=aQute.bnd.osgi.Clazz.parseClassFileWithCollector(LaQute/bnd/osgi/ClassDataCollector;)Ljava/util/Set; @ 4
Event: 35,088 Thread 0x00007fa891ec4000 Uncommon trap: reason=unstable_if action=reinterpret pc=0x00007fa882fb096c method=aQute.bnd.osgi.Clazz.parseClassFileData(Ljava/io/DataInput;)Ljava/util/Set; @ 1323
Event: 35,302 Thread 0x00007fa891ec4000 Uncommon trap: reason=class_check action=maybe_recompile pc=0x00007fa88251c6cc method=aQute.bnd.osgi.Clazz.parseClassFileWithCollector(LaQute/bnd/osgi/ClassDataCollector;)Ljava/util/Set; @ 4

Classes redefined (0 events):
No events

Internal exceptions (10 events):
Event: 27,378 Thread 0x00007fa891ec4000 Exception <a 'java/lang/ClassNotFoundException': java/util/zip/ZipFileBeanInfo> (0x00000000dbb1a550) thrown at [/HUDSON/workspace/8-2-build-linux-amd64/jdk8u191/11894/hotspot/src/share/vm/classfile/systemDictionary.cpp, line 210]
Event: 27,378 Thread 0x00007fa891ec4000 Exception <a 'java/lang/ClassNotFoundException': java/util/zip/ZipFileCustomizer> (0x00000000dbb23718) thrown at [/HUDSON/workspace/8-2-build-linux-amd64/jdk8u191/11894/hotspot/src/share/vm/classfile/systemDictionary.cpp, line 210]
Event: 27,652 Thread 0x00007fa891ec4000 Exception <a 'java/lang/ClassNotFoundException': org/gradle/internal/logging/slf4j/OutputEventListenerBackedLoggerBeanInfo> (0x00000000ddee4c40) thrown at [/HUDSON/workspace/8-2-build-linux-amd64/jdk8u191/11894/hotspot/src/share/vm/classfile/systemDiction
Event: 27,652 Thread 0x00007fa891ec4000 Exception <a 'java/lang/ClassNotFoundException': org/gradle/internal/logging/slf4j/OutputEventListenerBackedLoggerCustomizer> (0x00000000ddf22158) thrown at [/HUDSON/workspace/8-2-build-linux-amd64/jdk8u191/11894/hotspot/src/share/vm/classfile/systemDicti
Event: 27,656 Thread 0x00007fa891ec4000 Exception <a 'java/lang/ClassNotFoundException': org/gradle/api/internal/file/DefaultSourceDirectorySetBeanInfo> (0x00000000ddfb5df8) thrown at [/HUDSON/workspace/8-2-build-linux-amd64/jdk8u191/11894/hotspot/src/share/vm/classfile/systemDictionary.cpp, li
Event: 27,657 Thread 0x00007fa891ec4000 Exception <a 'java/lang/ClassNotFoundException': org/gradle/api/internal/file/DefaultSourceDirectorySetCustomizer> (0x00000000ddfec340) thrown at [/HUDSON/workspace/8-2-build-linux-amd64/jdk8u191/11894/hotspot/src/share/vm/classfile/systemDictionary.cpp, 
Event: 30,540 Thread 0x00007fa891ec4000 Implicit null exception at 0x00007fa882ed0a87 to 0x00007fa882ed35dd
Event: 30,773 Thread 0x00007fa891313000 Exception <a 'java/io/IOException'> (0x00000000e61f0310) thrown at [/HUDSON/workspace/8-2-build-linux-amd64/jdk8u191/11894/hotspot/src/share/vm/prims/jni.cpp, line 709]
Event: 35,053 Thread 0x00007fa891ec4000 Implicit null exception at 0x00007fa882843fbe to 0x00007fa882844371
Event: 35,053 Thread 0x00007fa891ec4000 Implicit null exception at 0x00007fa88276a67d to 0x00007fa88276b2e1

Events (10 events):
Event: 35,412 loading class org/elasticsearch/common/SuppressForbidden done
Event: 35,429 loading class org/elasticsearch/common/inject/Inject
Event: 35,429 loading class org/elasticsearch/common/inject/Inject done
Event: 35,484 loading class org/elasticsearch/secure_sm/SuppressForbidden
Event: 35,484 loading class org/elasticsearch/secure_sm/SuppressForbidden done
Event: 35,486 loading class org/elasticsearch/common/Nullable
Event: 35,486 loading class org/elasticsearch/common/Nullable done
Event: 35,597 loading class org/elasticsearch/cli/SuppressForbidden
Event: 35,597 loading class org/elasticsearch/cli/SuppressForbidden done
Event: 35,598 Executing VM operation: ParallelGCFailedAllocation


Dynamic libraries:
00400000-00401000 r-xp 00000000 08:01 8128497                            /opt/java/jdk1.8.0_191/bin/java
00600000-00601000 r--p 00000000 08:01 8128497                            /opt/java/jdk1.8.0_191/bin/java
00601000-00602000 rw-p 00001000 08:01 8128497                            /opt/java/jdk1.8.0_191/bin/java
01f8f000-01fb0000 rw-p 00000000 00:00 0                                  [heap]
83a00000-94100000 rw-p 00000000 00:00 0 
a0480000-d6900000 ---p 00000000 00:00 0 
d6900000-100000000 rw-p 00000000 00:00 0 
100000000-100820000 rw-p 00000000 00:00 0 
100820000-140000000 ---p 00000000 00:00 0 
7fa838000000-7fa838021000 rw-p 00000000 00:00 0 
7fa838021000-7fa83c000000 ---p 00000000 00:00 0 
7fa83cf38000-7fa83cf4b000 r--s 00345000 08:01 8129969                    /opt/java/jdk1.8.0_191/jre/lib/resources.jar
7fa83cf4b000-7fa83cf4c000 r--s 00000000 08:01 13369883                   /opt/git/liferay-portal/.gradle/caches/modules-2/files-2.1/com.liferay/com.liferay.portal.bundle.blacklist.api/2.0.0/9895a9a4f90344b5a379c2c28a95bab3fbfadf7b/com.liferay.portal.bundle.blacklist.api-2.0.0.jar
7fa83cf4c000-7fa83cf56000 r--s 0006b000 08:01 13370793                   /opt/git/liferay-portal/.gradle/caches/modules-2/files-2.1/org.osgi/osgi.core/6.0.0/c49acdc9ac62cf69ee49cb6f1905b4fdb79ea5c/osgi.core-6.0.0.jar
7fa83cf56000-7fa83cf58000 r--s 00007000 08:01 13370792                   /opt/git/liferay-portal/.gradle/caches/modules-2/files-2.1/org.osgi/org.osgi.service.component.annotations/1.3.0/ef17ec0e7f73cd144599da108d72a24285d1f5d5/org.osgi.service.component.annotations-1.3.0.jar
7fa83cf58000-7fa83cf59000 r--s 00003000 08:01 13370288                   /opt/git/liferay-portal/.gradle/caches/modules-2/files-2.1/org.osgi/org.osgi.annotation.versioning/1.1.0/f6954fdcee1f910599fcb304522f9168c3e9cd27/org.osgi.annotation.versioning-1.1.0.jar
7fa83cf59000-7fa83cf5f000 r--s 00071000 08:01 5898501                    /opt/git/liferay-portal/.gradle/caches/modules-2/files-2.1/org.codehaus.woodstox/woodstox-core-asl/4.4.1/84fee5eb1a4a1cefe65b6883c73b3fa83be3c1a1/woodstox-core-asl-4.4.1.jar
7fa83cf5f000-7fa83cf63000 r--s 00024000 08:01 5898492                    /opt/git/liferay-portal/.gradle/caches/modules-2/files-2.1/org.codehaus.woodstox/stax2-api/3.1.4/ac19014b1e6a7c08aad07fe114af792676b685b7/stax2-api-3.1.4.jar
7fa83cf63000-7fa83cf70000 r--s 00083000 08:01 13370700                   /opt/git/liferay-portal/.gradle/caches/modules-2/files-2.1/commons-collections/commons-collections/3.2.2/8ad72fe39fa8c91eaaf12aadb21e0c3661fe26d5/commons-collections-3.2.2.jar
7fa83cf70000-7fa83d003000 r--s 005e3000 08:01 13370789                   /opt/git/liferay-portal/.gradle/caches/modules-2/files-2.1/com.liferay.portal/com.liferay.portal.kernel/4.0.0/facac971ce854bef9616dc58fd66571ab4f4fe7a/com.liferay.portal.kernel-4.0.0.jar
7fa83d003000-7fa83d075000 r--s 012a0000 08:01 13369994                   /opt/git/liferay-portal/.gradle/caches/modules-2/files-2.1/com.liferay.portal/com.liferay.portal.impl/4.0.0/960f55be0aa51d1dae5c0293e85434f27087beba/com.liferay.portal.impl-4.0.0.jar
7fa83d075000-7fa83d077000 r--s 00003000 08:01 13369993                   /opt/git/liferay-portal/.gradle/caches/modules-2/files-2.1/com.liferay/com.liferay.portal.search.spi/3.1.0/ba0049359eff5981903c82b4e5dbf4eab1e6d326/com.liferay.portal.search.spi-3.1.0.jar
7fa83d077000-7fa83d07b000 r--s 00014000 08:01 13369992                   /opt/git/liferay-portal/.gradle/caches/modules-2/files-2.1/com.liferay/com.liferay.portal.search.engine.adapter.api/3.3.0/3b39fad620f997e14a7f1190418d54eb19032654/com.liferay.portal.search.engine.adapter.api-3.3.0.jar
7fa83d07b000-7fa83d07d000 r--s 00000000 08:01 13369991                   /opt/git/liferay-portal/.gradle/caches/modules-2/files-2.1/com.liferay/com.liferay.portal.search.elasticsearch6.spi/1.0.0/1bad0e9a821fa6f6432eed0026d068c691cd394c/com.liferay.portal.search.elasticsearch6.spi-1.0.0.jar
7fa83d07d000-7fa83d07f000 r--s 0001e000 08:01 13369990                   /opt/git/liferay-portal/.gradle/caches/modules-2/files-2.1/com.liferay/com.liferay.portal.search.elasticsearch6.api/3.0.0/a9771843c68a2f23dc494c95b4407b1838189f04/com.liferay.portal.search.elasticsearch6.api-3.0.0.jar
7fa83d07f000-7fa83d08d000 r--s 00048000 08:01 13369989                   /opt/git/liferay-portal/.gradle/caches/modules-2/files-2.1/com.liferay/com.liferay.portal.search.api/3.8.0/77a4917915c1252c542868f6e5d3d15c0f1e6b97/com.liferay.portal.search.api-3.8.0.jar
7fa83d08d000-7fa83d08f000 r--s 00003000 08:01 13370791                   /opt/git/liferay-portal/.gradle/caches/modules-2/files-2.1/com.liferay/com.liferay.portal.configuration.metatype.api/2.0.0/464d438f548c27c20c3cbf5b4da6bab3ee5ec5f8/com.liferay.portal.configuration.metatype.api-2.0.0.jar
7fa83d08f000-7fa83d090000 r--s 00002000 08:01 13370740                   /opt/git/liferay-portal/.gradle/caches/modules-2/files-2.1/com.liferay/com.liferay.petra.string/3.0.0/4454232934e52a4225733a1086622c0d1d1afb76/com.liferay.petra.string-3.0.0.jar
7fa83d090000-7fa83d0fb000 r--s 00b57000 08:01 13369988                   /opt/git/liferay-portal/.gradle/caches/modules-2/files-2.1/com.ibm.icu/icu4j/61.1/28d33b5e44e72edcc66a5da7a34a42147f38d987/icu4j-61.1.jar
7fa83d0fb000-7fa83d0ff000 r--s 0004c000 08:01 13369987                   /opt/git/liferay-portal/.gradle/caches/modules-2/files-2.1/com.fasterxml.jackson.core/jackson-core/2.9.9/bfff5af9fb8347d26bbb7959cb9b4fe9a2b0ca5e/jackson-core-2.9.9.jar
7fa83d0ff000-7fa83d105000 r--s 0003d000 08:01 13369986                   /opt/git/liferay-portal/.gradle/caches/modules-2/files-2.1/org.yaml/snakeyaml/1.17/7a27ea250c5130b2922b86dea63cbb1cc10a660c/snakeyaml-1.17.jar
7fa83d105000-7fa83d10a000 r--s 0005a000 08:01 13369985                   /opt/git/liferay-portal/.gradle/caches/modules-2/files-2.1/org.ow2.asm/asm-debug-all/5.1/dde860d586960d55a87cd52c4fc1f5059c89cbc6/asm-debug-all-5.1.jar
7fa83d10a000-7fa83d10f000 r--s 0002e000 08:01 13369984                   /opt/git/liferay-portal/.gradle/caches/modules-2/files-2.1/org.locationtech.spatial4j/spatial4j/0.7/faa8ba85d503da4ab872d17ba8c00da0098ab2f2/spatial4j-0.7.jar
7fa83d10f000-7fa83d11e000 r--s 000b4000 08:01 13369983                   /opt/git/liferay-portal/.gradle/caches/modules-2/files-2.1/org.locationtech.jts/jts-core/1.15.0/705981b7e25d05a76a3654e597dab6ba423eb79e/jts-core-1.15.0.jar
7fa83d11e000-7fa83d120000 r--s 0001a000 08:01 13369981                   /opt/git/liferay-portal/.gradle/caches/modules-2/files-2.1/org.hdrhistogram/HdrHistogram/2.1.9/e4631ce165eb400edecfa32e03d3f1be53dee754/HdrHistogram-2.1.9.jar
7fa83d120000-7fa83d122000 r--s 00012000 08:01 13369980                   /opt/git/liferay-portal/.gradle/caches/modules-2/files-2.1/org.elasticsearch.plugin/transport-netty4-client/6.5.0/ea02d544f30f51bc36c1aa4d3ac1d8063f378e92/transport-netty4-client-6.5.0.jar
7fa83d122000-7fa83d124000 r--s 00019000 08:01 13369979                   /opt/git/liferay-portal/.gradle/caches/modules-2/files-2.1/org.elasticsearch.plugin/reindex-client/6.5.0/9b05d3b6f7e992edef3ee462daa2e25db7521d34/reindex-client-6.5.0.jar
7fa83d124000-7fa83d126000 r--s 00011000 08:01 13369978                   /opt/git/liferay-portal/.gradle/caches/modules-2/files-2.1/org.elasticsearch.plugin/percolator-client/6.5.0/c6b57e3bbcdfd9ba7ca0c687184a3b2c80415d65/percolator-client-6.5.0.jar
7fa83d126000-7fa83d128000 r--s 00011000 08:01 13369977                   /opt/git/liferay-portal/.gradle/caches/modules-2/files-2.1/org.elasticsearch.plugin/parent-join-client/6.5.0/b314c9953ac0b6a342671cf88fb32d7b3662362c/parent-join-client-6.5.0.jar
7fa83d128000-7fa83d12a000 r--s 0000d000 08:01 13369976                   /opt/git/liferay-portal/.gradle/caches/modules-2/files-2.1/org.elasticsearch.plugin/lang-mustache-client/6.5.0/133651c4166f91c7e45aa26ed0ba8efbf1f47612/lang-mustache-client-6.5.0.jar
7fa83d12a000-7fa83d12b000 r--s 00003000 08:01 13369975                   /opt/git/liferay-portal/.gradle/caches/modules-2/files-2.1/org.elasticsearch.plugin/elasticsearch-scripting-painless-spi/6.5.0/5bf3f732c5d3fcc638b9b5054ac25ce28f90868f/elasticsearch-scripting-painless-spi-6.5.0.jar
7fa83d12b000-7fa83d12c000 r--s 00001000 08:01 13369974                   /opt/git/liferay-portal/.gradle/caches/modules-2/files-2.1/org.elasticsearch.client/transport/6.5.0/2746b889e160f92991c9e94678c15981b8e9750e/transport-6.5.0.jar
7fa83d12c000-7fa83d12d000 r--s 00003000 08:01 13369973                   /opt/git/liferay-portal/.gradle/caches/modules-2/files-2.1/org.elasticsearch.client/sniffer/5.5.3/74f31d69cf5b6137c1a93cea239d321e7507099d/sniffer-5.5.3.jar
7fa83d12d000-7fa83d130000 r--s 00019000 08:01 13369972                   /opt/git/liferay-portal/.gradle/caches/modules-2/files-2.1/org.elasticsearch/elasticsearch-x-content/6.5.0/6a2a007a489d7ae2bcfb502238ba69fa4df2ed01/elasticsearch-x-content-6.5.0.jar
7fa83d130000-7fa83d131000 r--s 00008000 08:01 13369971                   /opt/git/liferay-portal/.gradle/caches/modules-2/files-2.1/org.elasticsearch/elasticsearch-core/6.5.0/472f626f1985f4c0a9afa905438eff533e1abb72/elasticsearch-core-6.5.0.jar
7fa83d131000-7fa83d132000 r--s 00003000 08:01 13369970                   /opt/git/liferay-portal/.gradle/caches/modules-2/files-2.1/org.elasticsearch/elasticsearch-cli/6.5.0/d68e59673082793ab2b0a6cd73de5c02d21143a0/elasticsearch-cli-6.5.0.jar
7fa83d132000-7fa83d1d5000 r--s 00952000 08:01 13369969                   /opt/git/liferay-portal/.gradle/caches/modules-2/files-2.1/org.elasticsearch/elasticsearch/6.5.0/6d9284811dd648481a4562a4ba8c09bdb277fb2d/elasticsearch-6.5.0.jar
7fa83d1d5000-7fa83d22c000 r--s 00391000 08:01 13369967                   /opt/git/liferay-portal/.gradle/caches/modules-2/files-2.1/org.bouncycastle/bcprov-jdk15on/1.59/2507204241ab450456bdb8e8c0a8f986e418bd99/bcprov-jdk15on-1.59.jar
7fa83d22c000-7fa83d23f000 r--s 000af000 08:01 13369966                   /opt/git/liferay-portal/.gradle/caches/modules-2/files-2.1/org.bouncycastle/bcpkix-jdk15on/1.59/9cef0aab8a4bb849a8476c058ce3ff302aba3fff/bcpkix-jdk15on-1.59.jar
7fa83d23f000-7fa83d246000 r--s 00043000 08:01 13369965                   /opt/git/liferay-portal/.gradle/caches/modules-2/files-2.1/org.bouncycastle/bcpg-jdk15on/1.59/ee93e5376bb6cf0a15c027b5f5e4393f2738e709/bcpg-jdk15on-1.59.jar
7fa83d246000-7fa83d24b000 r--s 00038000 08:01 13369964                   /opt/git/liferay-portal/.gradle/caches/modules-2/files-2.1/org.apache.lucene/lucene-suggest/7.5.0/aa7d170871711ebd4dbd367d7b8ee0f1eb5e88b7/lucene-suggest-7.5.0.jar
7fa83d24b000-7fa83d250000 r--s 0003c000 08:01 13369961                   /opt/git/liferay-portal/.gradle/caches/modules-2/files-2.1/org.apache.lucene/lucene-sandbox/7.5.0/9fa3bb1c81179e112a62c0db6749767127c616bd/lucene-sandbox-7.5.0.jar
7fa83d250000-7fa83d25a000 r--s 00054000 08:01 13369962                   /opt/git/liferay-portal/.gradle/caches/modules-2/files-2.1/org.apache.lucene/lucene-queryparser/7.5.0/3eefb522e150f2ba0009df20f3bcfa91d60e7090/lucene-queryparser-7.5.0.jar
7fa83d25a000-7fa83d261000 r--s 0003a000 08:01 13369959                   /opt/git/liferay-portal/.gradle/caches/modules-2/files-2.1/org.apache.lucene/lucene-queries/7.5.0/bfbf786b75c60a25daf33d389efd6458e17218d9/lucene-queries-7.5.0.jar
7fa83d261000-7fa83d264000 r--s 00015000 08:01 13369960                   /opt/git/liferay-portal/.gradle/caches/modules-2/files-2.1/org.apache.lucene/lucene-misc/7.5.0/60d0a02b9297b5423d5400a6b0aa114915232b60/lucene-misc-7.5.0.jar
7fa83d264000-7fa83d296000 r--s 002b9000 08:01 13369953                   /opt/git/liferay-portal/.gradle/caches/modules-2/files-2.1/org.apache.lucene/lucene-core/7.5.0/736e94305e2a0e803563c5b184877df5c7d4cb69/lucene-core-7.5.0.jar
7fa83d296000-7fa83d2a8000 r--s 00182000 08:01 13369951                   /opt/git/liferay-portal/.gradle/caches/modules-2/files-2.1/org.apache.lucene/lucene-analyzers-common/7.5.0/e7fbdfc2297c3ff5d194d7bef95810504e52710e/lucene-analyzers-common-7.5.0.jar
7fa83d2a8000-7fa83d2c9000 r--s 0016d000 08:01 13369952                   /opt/git/liferay-portal/.gradle/caches/modules-2/files-2.1/org.apache.logging.log4j/log4j-core/2.11.2/6c2fb3f5b7cd27504726aef1b674b542a0c9cf53/log4j-core-2.11.2.jar
7fa83d2c9000-7fa83d409000 rw-p 00000000 00:00 0 
7fa83d409000-7fa83d4c9000 ---p 00000000 00:00 0 
7fa83d4c9000-7fa83d6c9000 rw-p 00000000 00:00 0 
7fa83d6c9000-7fa83d8c9000 rw-p 00000000 00:00 0 
7fa83d8c9000-7fa83dac9000 rw-p 00000000 00:00 0 
7fa83dac9000-7fa83daca000 r--s 00003000 08:01 13369963                   /opt/git/liferay-portal/.gradle/caches/modules-2/files-2.1/org.apache.lucene/lucene-spatial/7.5.0/8de64a6a8ad22b5849f2ab5f824917723de7a349/lucene-spatial-7.5.0.jar
7fa83daca000-7fa83dacc000 r--s 0000b000 08:01 13369958                   /opt/git/liferay-portal/.gradle/caches/modules-2/files-2.1/org.apache.lucene/lucene-memory/7.5.0/b8cc0c311a823287264653fbd05f866e059d303c/lucene-memory-7.5.0.jar
7fa83dacc000-7fa83dad0000 r--s 00020000 08:01 13369957                   /opt/git/liferay-portal/.gradle/caches/modules-2/files-2.1/org.apache.lucene/lucene-join/7.5.0/65d3c275b094383640d393579cdb7aff22bcd1d/lucene-join-7.5.0.jar
7fa83dad0000-7fa83dad5000 r--s 0002e000 08:01 13369956                   /opt/git/liferay-portal/.gradle/caches/modules-2/files-2.1/org.apache.lucene/lucene-highlighter/7.5.0/59420a5e30f12885f160e49bb975ab6b5985bd3d/lucene-highlighter-7.5.0.jar
7fa83dad5000-7fa83dad8000 r--s 00013000 08:01 13369955                   /opt/git/liferay-portal/.gradle/caches/modules-2/files-2.1/org.apache.lucene/lucene-grouping/7.5.0/f326a63640a288c302c713fcf2965fdc827b3cca/lucene-grouping-7.5.0.jar
7fa83dad8000-7fa83dade000 r--s 0003c000 08:01 13369950                   /opt/git/liferay-portal/.gradle/caches/modules-2/files-2.1/org.apache.logging.log4j/log4j-api/2.11.2/f5e9a2ffca496057d6891a3de65128efc636e26e/log4j-api-2.11.2.jar
7fa83dade000-7fa83daeb000 r--s 000a3000 08:01 13369949                   /opt/git/liferay-portal/.gradle/caches/modules-2/files-2.1/org.apache.httpcomponents/httpclient/4.4/6d220441ca681dddc55a189eae81a437309128b8/httpclient-4.4.jar
7fa83daeb000-7fa83daee000 r--s 00029000 08:01 13369948                   /opt/git/liferay-portal/.gradle/caches/modules-2/files-2.1/org.apache.httpcomponents/httpasyncclient/4.1.3/34c56f43fd3255fc239ffe33d0fbfb8195be6a24/httpasyncclient-4.1.3.jar
7fa83daee000-7fa83daf4000 r--s 00044000 08:01 13369947                   /opt/git/liferay-portal/.gradle/caches/modules-2/files-2.1/org.antlr/antlr4-runtime/4.5.3/2609e36f18f7e8d593cc1cddfb2ac776dc96b8e0/antlr4-runtime-4.5.3.jar
7fa83daf4000-7fa83daf7000 r--s 00014000 08:01 13369946                   /opt/git/liferay-portal/.gradle/caches/modules-2/files-2.1/net.sf.supercsv/super-csv/2.1.0/c6466dd0e28c034272b9f70a3f1896c03f1f2b27/super-csv-2.1.0.jar
7fa83daf7000-7fa83dafa000 r--s 00011000 08:01 13369945                   /opt/git/liferay-portal/.gradle/caches/modules-2/files-2.1/net.sf.jopt-simple/jopt-simple/5.0.2/98cafc6081d5632b61be2c9e60650b64ddbc637c/jopt-simple-5.0.2.jar
7fa83dafa000-7fa83db0b000 r--s 0008a000 08:01 13369944                   /opt/git/liferay-portal/.gradle/caches/modules-2/files-2.1/joda-time/joda-time/2.9.5/5f01da7306363fad2028b916f3eab926262de928/joda-time-2.9.5.jar
7fa83db0b000-7fa83db4a000 r--s 0033f000 08:01 13369943                   /opt/git/liferay-portal/.gradle/caches/modules-2/files-2.1/io.netty/netty-all/4.1.11.Final/b33ee67c342fb9598337627b3d342b129d962c1a/netty-all-4.1.11.Final.jar
7fa83db4a000-7fa83db4f000 r--s 00041000 08:01 15339066                   /opt/git/liferay-portal/.gradle/caches/modules-2/files-2.1/commons-lang/commons-lang/2.6/ce1edb914c94ebc388f086c6827e8bdeec71ac2/commons-lang-2.6.jar
7fa83db4f000-7fa83db53000 r--s 00031000 08:01 13369942                   /opt/git/liferay-portal/.gradle/caches/modules-2/files-2.1/commons-io/commons-io/2.6/815893df5f31da2ece4040fe0a12fd44b577afaf/commons-io-2.6.jar
7fa83db53000-7fa83db73000 r--s 00398000 08:01 13369941                   /opt/git/liferay-portal/.gradle/caches/modules-2/files-2.1/com.unboundid/unboundid-ldapsdk/4.0.2/2a3c07c4b60da2bc133be541f77023a5d7941973/unboundid-ldapsdk-4.0.2.jar
7fa83db73000-7fa83db75000 r--s 0000e000 08:01 13369940                   /opt/git/liferay-portal/.gradle/caches/modules-2/files-2.1/com.twitter/jsr166e/1.1.0/233098147123ee5ddcd39ffc57ff648be4b7e5b2/jsr166e-1.1.0.jar
7fa83db75000-7fa83db77000 r--s 0000b000 08:01 13369933                   /opt/git/liferay-portal/.gradle/caches/modules-2/files-2.1/com.tdunning/t-digest/3.2/2ab94758b0276a8a26102adf8d528cf6d0567b9a/t-digest-3.2.jar
7fa83db77000-7fa83db9b000 r--s 001b3000 08:01 13369939                   /opt/git/liferay-portal/.gradle/caches/modules-2/files-2.1/com.liferay/org.elasticsearch.xpack.core/6.5.0/50eb3734e1e348a7f9a97580ba70efdd569247bb/org.elasticsearch.xpack.core-6.5.0.jar
7fa83db9b000-7fa83db9c000 r--s 00002000 08:01 13369926                   /opt/git/liferay-portal/.gradle/caches/modules-2/files-2.1/com.liferay/org.elasticsearch.secure.sm/6.5.0/947fe587e95f9fd590c914d0f32104db1516202d/org.elasticsearch.secure.sm-6.5.0.jar
7fa83db9c000-7fa83db9e000 r--s 00007000 08:01 13369925                   /opt/git/liferay-portal/.gradle/caches/modules-2/files-2.1/com.liferay/org.elasticsearch.plugin.cli/6.5.0/9998fd92489f88be0cd27330ef9bd559d499b003/org.elasticsearch.plugin.cli-6.5.0.jar
7fa83db9e000-7fa83db9f000 r--s 00001000 08:01 13369924                   /opt/git/liferay-portal/.gradle/caches/modules-2/files-2.1/com.liferay/org.elasticsearch.plugin.classloader/6.5.0/47fb4df17ec150472a133c8828190500f43456d0/org.elasticsearch.plugin.classloader-6.5.0.jar
7fa83db9f000-7fa83dba7000 r--s 00077000 08:01 13369923                   /opt/git/liferay-portal/.gradle/caches/modules-2/files-2.1/com.liferay/org.elasticsearch.painless/6.5.0.LIFERAY-PATCHED-1/6eee584331103fdaf659804c8aa7bf7290d2b183/org.elasticsearch.painless-6.5.0.LIFERAY-PATCHED-1.jar
7fa83dba7000-7fa83dba8000 r--s 00001000 08:01 13369921                   /opt/git/liferay-portal/.gradle/caches/modules-2/files-2.1/com.liferay/org.elasticsearch.client.xpack.transport/6.5.0/528c819c3cf9b40a19a0fc5852131316542a3888/org.elasticsearch.client.xpack.transport-6.5.0.jar
7fa83dba8000-7fa83dbad000 r--s 00027000 08:01 13369922                   /opt/git/liferay-portal/.gradle/caches/modules-2/files-2.1/com.liferay/org.elasticsearch.analysis.common/6.5.0/523b304ed74a861c67e75b59065b5c05da82311a/org.elasticsearch.analysis.common-6.5.0.jar
7fa83dbad000-7fa83dbaf000 r--s 00009000 08:01 13369920                   /opt/git/liferay-portal/.gradle/caches/modules-2/files-2.1/com.fasterxml.jackson.dataformat/jackson-dataformat-yaml/2.9.8/a1c807329eb0c75976aeb5961a506b3516ffeae3/jackson-dataformat-yaml-2.9.8.jar
7fa83dbaf000-7fa83dbb1000 r--s 00013000 08:01 13369995                   /opt/git/liferay-portal/.gradle/caches/modules-2/files-2.1/com.fasterxml.jackson.dataformat/jackson-dataformat-smile/2.9.8/dbb47a052ac2b249ae004ce32e1e0c8bd8ee526c/jackson-dataformat-smile-2.9.8.jar
7fa83dbb1000-7fa83dbb3000 r--s 0000b000 08:01 13369918                   /opt/git/liferay-portal/.gradle/caches/modules-2/files-2.1/com.fasterxml.jackson.dataformat/jackson-dataformat-cbor/2.9.8/dc290bb8be6ad98aa20e8342f92aaa88f7b5bab2/jackson-dataformat-cbor-2.9.8.jar
7fa83dbb3000-7fa83dbca000 r--s 00100000 08:01 13369919                   /opt/git/liferay-portal/.gradle/caches/modules-2/files-2.1/com.carrotsearch/hppc/0.7.1/8b5057f74ea378c0150a1860874a3ebdcb713767/hppc-0.7.1.jar
7fa83dbca000-7fa83dbdc000 r--s 01401000 08:01 13123616                   /opt/git/liferay-portal/modules/apps/portal-search-elasticsearch6/portal-search-elasticsearch6-impl/build/tmp/jar/com.liferay.portal.search.elasticsearch6.GSEARCH-PATCHED-IMPL-72-DXP-FP1-3.0.24.jar
7fa83dbdc000-7fa83dbdf000 ---p 00000000 00:00 0 
7fa83dbdf000-7fa83dcdd000 rw-p 00000000 00:00 0 
7fa83dcdd000-7fa83dce0000 ---p 00000000 00:00 0 
7fa83dce0000-7fa83dfde000 rw-p 00000000 00:00 0 
7fa83dfde000-7fa83dfe1000 ---p 00000000 00:00 0 
7fa83dfe1000-7fa83e0df000 rw-p 00000000 00:00 0 
7fa83e0df000-7fa83e0e2000 ---p 00000000 00:00 0 
7fa83e0e2000-7fa83e1e0000 rw-p 00000000 00:00 0 
7fa83e1e0000-7fa83e1e3000 ---p 00000000 00:00 0 
7fa83e1e3000-7fa83e4e1000 rw-p 00000000 00:00 0 
7fa83e4e1000-7fa83e4e4000 ---p 00000000 00:00 0 
7fa83e4e4000-7fa83e5e2000 rw-p 00000000 00:00 0 
7fa83e5e2000-7fa83e5e5000 ---p 00000000 00:00 0 
7fa83e5e5000-7fa83e6e3000 rw-p 00000000 00:00 0 
7fa83e6e3000-7fa83e6e6000 ---p 00000000 00:00 0 
7fa83e6e6000-7fa83e9e4000 rw-p 00000000 00:00 0 
7fa83e9e4000-7fa83e9e7000 r--s 0001a000 08:01 8129976                    /opt/java/jdk1.8.0_191/jre/lib/jce.jar
7fa83e9e7000-7fa83ebe7000 rw-p 00000000 00:00 0 
7fa83ebe7000-7fa83ede7000 rw-p 00000000 00:00 0 
7fa83ede7000-7fa83efe7000 rw-p 00000000 00:00 0 
7fa83efe7000-7fa83f1e7000 rw-p 00000000 00:00 0 
7fa83f1e7000-7fa83f3e7000 rw-p 00000000 00:00 0 
7fa83f3e7000-7fa83f5e7000 rw-p 00000000 00:00 0 
7fa83f5e7000-7fa83f5e9000 r--s 00000000 08:01 528355                     /opt/git/liferay-portal/.gradle/caches/modules-2/files-2.1/org.eclipse.jdt/org.eclipse.jdt.annotation/1.1.0/c154cecefedc3a8f2a2752db856d8a251ecb49c9/org.eclipse.jdt.annotation-1.1.0.jar
7fa83f5e9000-7fa83f5eb000 r--s 00005000 08:01 4854463                    /opt/git/liferay-portal/.gradle/caches/modules-2/files-2.1/org.slf4j/slf4j-api/1.7.2/81d61b7f33ebeab314e07de0cc596f8e858d97/slf4j-api-1.7.2.jar
7fa83f5eb000-7fa83f5ee000 r--s 0001c000 08:01 14029138                   /opt/git/liferay-portal/.gradle/caches/modules-2/files-2.1/com.googlecode.javaewah/JavaEWAH/0.7.9/eceaf316a8faf0e794296ebe158ae110c7d72a5a/JavaEWAH-0.7.9.jar
7fa83f5ee000-7fa83f5f3000 r--s 00040000 08:01 1714157                    /opt/git/liferay-portal/.gradle/caches/modules-2/files-2.1/com.jcraft/jsch/0.1.53/658b682d5c817b27ae795637dfec047c63d29935/jsch-0.1.53.jar
7fa83f5f3000-7fa83f5f6000 r--s 00013000 08:01 1715032                    /opt/git/liferay-portal/.gradle/caches/modules-2/files-2.1/com.liferay/com.liferay.portal.tools.soy.builder/3.0.4/6d2bebafc9aa1cb97d41ec1e19716f0a8faea2f/com.liferay.portal.tools.soy.builder-3.0.4.jar
7fa83f5f6000-7fa83f648000 r--s 00562000 08:01 15082013                   /opt/git/liferay-portal/.gradle/caches/modules-2/files-2.1/biz.aQute.bnd/biz.aQute.bnd/3.5.0/237e135339a5f5a2b004318b6b84e9d30f7eb52b/biz.aQute.bnd-3.5.0.jar
7fa83f648000-7fa83f650000 r--s 00028000 08:01 13766484                   /opt/git/liferay-portal/.gradle/caches/modules-2/files-2.1/xml-apis/xml-apis/1.3.04/90b215f48fe42776c8c7f6e3509ec54e84fd65ef/xml-apis-1.3.04.jar
7fa83f650000-7fa83f657000 r--s 0003a000 08:01 15077508                   /opt/git/liferay-portal/.gradle/caches/modules-2/files-2.1/commons-codec/commons-codec/1.9/9ce04e34240f674bc72680f8b843b1457383161a/commons-codec-1.9.jar
7fa83f657000-7fa83f659000 r--s 0000e000 08:01 919361                     /opt/git/liferay-portal/.gradle/caches/modules-2/files-2.1/commons-logging/commons-logging/1.2/4bfc12adfe4842bf07b657f0369c4cb522955686/commons-logging-1.2.jar
7fa83f659000-7fa83f670000 r--s 000fc000 08:01 15082951                   /opt/git/liferay-portal/.gradle/caches/modules-2/files-2.1/org.springframework/spring-core/4.3.11.RELEASE/eb30ed093f628279d3aead068fd478fa343f1dad/spring-core-4.3.11.RELEASE.jar
7fa83f670000-7fa83f678000 r--s 00048000 08:01 5641119                    /opt/git/liferay-portal/.gradle/caches/modules-2/files-2.1/org.apache.httpcomponents/httpcore/4.4.6/e3fd8ced1f52c7574af952e2e6da0df8df08eb82/httpcore-4.4.6.jar
7fa83f678000-7fa83f687000 r--s 0009e000 08:01 19542121                   /opt/git/liferay-portal/.gradle/caches/modules-2/files-2.1/io.spring.gradle/dependency-management-plugin/1.0.3.RELEASE/c7fc988680e19cef9bf91de0c39b891e4c8dca2d/dependency-management-plugin-1.0.3.RELEASE.jar
7fa83f687000-7fa83f68a000 r--s 00023000 08:01 15082499                   /opt/git/liferay-portal/.gradle/caches/modules-2/files-2.1/org.springframework.boot/spring-boot-loader-tools/1.5.7.RELEASE/e99c816906e6743b4c59977144a66713969ab22a/spring-boot-loader-tools-1.5.7.RELEASE.jar
7fa83f68a000-7fa83f68c000 r--s 00008000 08:01 13766480                   /opt/git/liferay-portal/.gradle/caches/modules-2/files-2.1/net.jodah/expiringmap/0.5.7/9ce15de4173a001d0e76ae6a73e7e555f912bbd/expiringmap-0.5.7.jar
7fa83f68c000-7fa83f6d5000 r--s 004fb000 08:01 13369783                   /opt/git/liferay-portal/.gradle/caches/modules-2/files-2.1/biz.aQute.bnd/biz.aQute.bnd.gradle/3.5.0/f87dfe68714f495e5e510a04ed319ca6c7a7885e/biz.aQute.bnd.gradle-3.5.0.jar
7fa83f6d5000-7fa83f6da000 r--s 0002a000 08:01 6684789                    /opt/git/liferay-portal/.gradle/caches/modules-2/files-2.1/com.google.code.gson/gson/2.2.4/a60a5e993c98c864010053cb901b7eab25306568/gson-2.2.4.jar
7fa83f6da000-7fa83f6fb000 r--s 001f0000 08:01 15080661                   /opt/git/liferay-portal/.gradle/caches/modules-2/files-2.1/org.eclipse.jgit/org.eclipse.jgit/4.1.1.201511131810-r/17cf7d0cb7da8bbcc16e43f0ab5dbfc43b5cb539/org.eclipse.jgit-4.1.1.201511131810-r.jar
7fa83f6fb000-7fa83f6fe000 ---p 00000000 00:00 0 
7fa83f6fe000-7fa83f7fc000 rw-p 00000000 00:00 0 
7fa83f7fc000-7fa83f7ff000 ---p 00000000 00:00 0 
7fa83f7ff000-7fa83fafd000 rw-p 00000000 00:00 0 
7fa83fafd000-7fa83fb00000 ---p 00000000 00:00 0 
7fa83fb00000-7fa83fbfe000 rw-p 00000000 00:00 0 
7fa83fbfe000-7fa83fc01000 ---p 00000000 00:00 0 
7fa83fc01000-7fa83feff000 rw-p 00000000 00:00 0 
7fa83feff000-7fa83ff02000 ---p 00000000 00:00 0 
7fa83ff02000-7fa840000000 rw-p 00000000 00:00 0 
7fa840000000-7fa84005b000 rw-p 00000000 00:00 0 
7fa84005b000-7fa844000000 ---p 00000000 00:00 0 
7fa844000000-7fa844021000 rw-p 00000000 00:00 0 
7fa844021000-7fa848000000 ---p 00000000 00:00 0 
7fa848000000-7fa848021000 rw-p 00000000 00:00 0 
7fa848021000-7fa84c000000 ---p 00000000 00:00 0 
7fa84c000000-7fa84c437000 rw-p 00000000 00:00 0 
7fa84c437000-7fa850000000 ---p 00000000 00:00 0 
7fa850000000-7fa850001000 r--s 00004000 08:01 12725736                   /opt/git/liferay-portal/modules/apps/portal-search-elasticsearch6/portal-search-elasticsearch6-impl/gsearch-libs/fi.soveltia.liferay.gsearch.query-5.0.0.jar
7fa850001000-7fa850002000 r--s 00000000 08:01 792757                     /opt/git/liferay-portal/.gradle/caches/modules-2/files-2.1/com.liferay/com.liferay.gogo.shell.client/1.0.0/a2c68ef23692e106082a9fa57dc8a7474f847a03/com.liferay.gogo.shell.client-1.0.0.jar
7fa850002000-7fa850004000 r--s 0000a000 08:01 13369868                   /opt/git/liferay-portal/.gradle/caches/modules-2/files-2.1/com.liferay/com.liferay.ant.bnd/3.1.0/e7e8ed8a87f7cac356f5937e9085ba1b2e9aa19d/com.liferay.ant.bnd-3.1.0.jar
7fa850004000-7fa850007000 r--s 00009000 08:01 15339068                   /opt/git/liferay-portal/.gradle/caches/modules-2/files-2.1/oauth.signpost/signpost-core/1.2.1.2/bf95955dcf3d5a78c201e49b0c336787ea73f161/signpost-core-1.2.1.2.jar
7fa850007000-7fa850009000 r--s 00026000 08:01 4592975                    /opt/git/liferay-portal/.gradle/caches/modules-2/files-2.1/org.apache.maven/maven-model/3.0.4/5e149cfe15daedebbb1e8970d6a5ff1bea61b94c/maven-model-3.0.4.jar
7fa850009000-7fa85000d000 r--s 00040000 08:01 17708703                   /opt/git/liferay-portal/.gradle/caches/modules-2/files-2.1/xalan/serializer/2.7.2/24247f3bb052ee068971393bdb83e04512bb1c3c/serializer-2.7.2.jar
7fa85000d000-7fa850011000 r--s 0002f000 08:01 15077545                   /opt/git/liferay-portal/.gradle/caches/modules-2/files-2.1/commons-io/commons-io/2.5/2852e6e05fbb95076fc091f6d1780f1f8fe35e0f/commons-io-2.5.jar
7fa850011000-7fa850013000 r--s 0000b000 08:01 15080943                   /opt/git/liferay-portal/.gradle/caches/modules-2/files-2.1/org.zeroturnaround/zt-exec/1.9/a6c5747098b1ede9f4a6e9c36eaebb357a4430ed/zt-exec-1.9.jar
7fa850013000-7fa850020000 r--s 000aa000 08:01 18887635                   /opt/git/liferay-portal/.gradle/caches/modules-2/files-2.1/org.apache.httpcomponents/httpclient/4.5.3/d1577ae15f01ef5438c5afc62162457c00a34713/httpclient-4.5.3.jar
7fa850020000-7fa850024000 r--s 00028000 08:01 15077480                   /opt/git/liferay-portal/.gradle/caches/modules-2/files-2.1/com.thoughtworks.qdox/qdox/1.12.1/f7122f6ab1f64bdf9f5970b0e89bfb355e036897/qdox-1.12.1.jar
7fa850024000-7fa850026000 r--s 00008000 08:01 13369678                   /opt/git/liferay-portal/.gradle/caches/modules-2/files-2.1/com.liferay/com.liferay.gradle.util/1.0.34/cbe4794083e0ffca4ca5a34d116b7c7df28742/com.liferay.gradle.util-1.0.34.jar
7fa850026000-7fa850029000 r--s 00017000 08:01 13369679                   /opt/git/liferay-portal/.gradle/caches/modules-2/files-2.1/com.liferay/com.liferay.gradle.plugins.node/4.6.18/2c85420818227a5607e595deaa82b237802d4590/com.liferay.gradle.plugins.node-4.6.18.jar
7fa850029000-7fa85002a000 r--s 00006000 08:01 13369677                   /opt/git/liferay-portal/.gradle/caches/modules-2/files-2.1/com.liferay/com.liferay.gradle.plugins.js.transpiler/2.4.36/f393708f549a9ea90c0fedd16a1f06a459b7ec1b/com.liferay.gradle.plugins.js.transpiler-2.4.36.jar
7fa85002a000-7fa85002c000 r--s 00004000 08:01 13369596                   /opt/git/liferay-portal/.gradle/caches/modules-2/files-2.1/com.liferay/com.liferay.gradle.plugins.js.module.config.generator/2.1.57/c25b1e1bbb8cb7f6638296f47881c554095a94f3/com.liferay.gradle.plugins.js.module.config.generator-2.1.57.jar
7fa85002c000-7fa85002d000 r--s 00001000 08:01 13369464                   /opt/git/liferay-portal/.gradle/caches/modules-2/files-2.1/com.liferay/com.liferay.gradle.plugins.gulp/2.0.59/938e3d7409bc6ccef1042f088d41b49cec378afe/com.liferay.gradle.plugins.gulp-2.0.59.jar
7fa85002d000-7fa85002f000 r--s 00002000 08:01 13377713                   /opt/git/liferay-portal/.gradle/caches/modules-2/files-2.1/com.liferay/com.liferay.gradle.plugins.xsd.builder/1.0.7/7c1f14ab7339d4827de7d66772ec1c4d3fb3b252/com.liferay.gradle.plugins.xsd.builder-1.0.7.jar
7fa85002f000-7fa850030000 r--s 00002000 08:01 13377712                   /opt/git/liferay-portal/.gradle/caches/modules-2/files-2.1/com.liferay/com.liferay.gradle.plugins.xml.formatter/1.0.11/313c8b0e68dd0f06101942516e040f53bd42f397/com.liferay.gradle.plugins.xml.formatter-1.0.11.jar
7fa850030000-7fa850032000 r--s 00004000 08:01 13377711                   /opt/git/liferay-portal/.gradle/caches/modules-2/files-2.1/com.liferay/com.liferay.gradle.plugins.wsdl.builder/2.0.3/58798def54230e2cb247a335d69186b123359aeb/com.liferay.gradle.plugins.wsdl.builder-2.0.3.jar
7fa850032000-7fa850033000 r--s 00003000 08:01 13377710                   /opt/git/liferay-portal/.gradle/caches/modules-2/files-2.1/com.liferay/com.liferay.gradle.plugins.wsdd.builder/1.0.13/504fec5783f4f3bfc1f9eddbea792fa7884221fe/com.liferay.gradle.plugins.wsdd.builder-1.0.13.jar
7fa850033000-7fa850034000 r--s 00002000 08:01 13377709                   /opt/git/liferay-portal/.gradle/caches/modules-2/files-2.1/com.liferay/com.liferay.gradle.plugins.upgrade.table.builder/2.0.3/901df00aace3e9ef865f71830096652b67202cee/com.liferay.gradle.plugins.upgrade.table.builder-2.0.3.jar
7fa850034000-7fa850036000 r--s 00007000 08:01 13377708                   /opt/git/liferay-portal/.gradle/caches/modules-2/files-2.1/com.liferay/com.liferay.gradle.plugins.tlddoc.builder/1.3.3/791088385f06fae604739d0f67fe80dc4ef37df5/com.liferay.gradle.plugins.tlddoc.builder-1.3.3.jar
7fa850036000-7fa850037000 r--s 00001000 08:01 13377707                   /opt/git/liferay-portal/.gradle/caches/modules-2/files-2.1/com.liferay/com.liferay.gradle.plugins.tld.formatter/1.0.9/79cf700841a5efab9dbed34e5b10fe0863443e1c/com.liferay.gradle.plugins.tld.formatter-1.0.9.jar
7fa850037000-7fa85003a000 r--s 00011000 08:01 13369470                   /opt/git/liferay-portal/.gradle/caches/modules-2/files-2.1/com.liferay/com.liferay.gradle.plugins.test.integration/2.4.6/d6112fa8577030e337e780c47035ed91799db6bc/com.liferay.gradle.plugins.test.integration-2.4.6.jar
7fa85003a000-7fa85023a000 rw-p 00000000 00:00 0 
7fa85023a000-7fa85043a000 rw-p 00000000 00:00 0 
7fa85043a000-7fa85043d000 ---p 00000000 00:00 0 
7fa85043d000-7fa85053b000 rw-p 00000000 00:00 0 
7fa85053b000-7fa85053d000 r--s 00005000 08:01 13377705                   /opt/git/liferay-portal/.gradle/caches/modules-2/files-2.1/com.liferay/com.liferay.gradle.plugins.soy/3.1.8/dba6c2f6e5a97b534f66b8222b9d2f1820ff8127/com.liferay.gradle.plugins.soy-3.1.8.jar
7fa85053d000-7fa85053f000 r--s 00003000 08:01 13369462                   /opt/git/liferay-portal/.gradle/caches/modules-2/files-2.1/com.liferay/com.liferay.gradle.plugins.source.formatter/2.3.424/f3c56087b2d9f38ca98a8b552424ef3d97cdc916/com.liferay.gradle.plugins.source.formatter-2.3.424.jar
7fa85053f000-7fa850541000 r--s 00006000 08:01 13369463                   /opt/git/liferay-portal/.gradle/caches/modules-2/files-2.1/com.liferay/com.liferay.gradle.plugins.service.builder/2.2.47/8c319b512de89b7c690bee02d831f62d44be3da/com.liferay.gradle.plugins.service.builder-2.2.47.jar
7fa850541000-7fa850543000 r--s 00001000 08:01 13369461                   /opt/git/liferay-portal/.gradle/caches/modules-2/files-2.1/com.liferay/com.liferay.gradle.plugins.rest.builder/1.0.21/62c9d900d3b7168ac9a9055ee449881e2e26b85c/com.liferay.gradle.plugins.rest.builder-1.0.21.jar
7fa850543000-7fa850545000 r--s 00004000 08:01 13369458                   /opt/git/liferay-portal/.gradle/caches/modules-2/files-2.1/com.liferay/com.liferay.gradle.plugins.lang.builder/3.0.12/7a1d67f094bec9179b62fdd46e4742bcac10d403/com.liferay.gradle.plugins.lang.builder-3.0.12.jar
7fa850545000-7fa850546000 r--s 00002000 08:01 13369457                   /opt/git/liferay-portal/.gradle/caches/modules-2/files-2.1/com.liferay/com.liferay.gradle.plugins.javadoc.formatter/1.0.28/dd07319fe432a993725b59e089d6f812ebc3dd7e/com.liferay.gradle.plugins.javadoc.formatter-1.0.28.jar
7fa850546000-7fa850548000 r--s 00002000 08:01 13377699                   /opt/git/liferay-portal/.gradle/caches/modules-2/files-2.1/com.liferay/com.liferay.gradle.plugins.db.support/1.0.5/404e7631e13a84bd986e76e6a846b3467329fbce/com.liferay.gradle.plugins.db.support-1.0.5.jar
7fa850548000-7fa85054a000 r--s 00004000 08:01 13369456                   /opt/git/liferay-portal/.gradle/caches/modules-2/files-2.1/com.liferay/com.liferay.gradle.plugins.css.builder/3.0.0/575c593ad53a033b2b9c2a6fea66fad9e3ef5a9c/com.liferay.gradle.plugins.css.builder-3.0.0.jar
7fa85054a000-7fa85054c000 r--s 00002000 08:01 13377697                   /opt/git/liferay-portal/.gradle/caches/modules-2/files-2.1/com.liferay/com.liferay.gradle.plugins.alloy.taglib/2.0.2/b5ab7bc0e31c8e55d0e83660ed5041a7bff85d34/com.liferay.gradle.plugins.alloy.taglib-2.0.2.jar
7fa85054c000-7fa850571000 r--s 002de000 08:01 16388001                   /opt/git/liferay-portal/.gradle/caches/modules-2/files-2.1/xalan/xalan/2.7.2/d55d3f02a56ec4c25695fe67e1334ff8c2ecea23/xalan-2.7.2.jar
7fa850571000-7fa850771000 rw-p 00000000 00:00 0 
7fa850771000-7fa8507ea000 r--s 010fb000 08:01 8128604                    /opt/java/jdk1.8.0_191/lib/tools.jar
7fa8507ea000-7fa8507ed000 ---p 00000000 00:00 0 
7fa8507ed000-7fa8508eb000 rw-p 00000000 00:00 0 
7fa8508eb000-7fa8508ed000 r--s 0000b000 08:01 15082495                   /opt/git/liferay-portal/.gradle/caches/modules-2/files-2.1/org.springframework.boot/spring-boot-gradle-plugin/1.5.7.RELEASE/8d043a3895fc2d0be440ce06f99b1dfa5ff7a459/spring-boot-gradle-plugin-1.5.7.RELEASE.jar
7fa8508ed000-7fa8508ef000 r--s 00006000 08:01 6684820                    /opt/git/liferay-portal/.gradle/caches/modules-2/files-2.1/org.apache.aries.jmx/org.apache.aries.jmx.api/1.1.0/fdde443a7c653db5e596981caec82cec4d25e928/org.apache.aries.jmx.api-1.1.0.jar
7fa8508ef000-7fa8508f2000 r--s 00013000 08:01 14821703                   /opt/git/liferay-portal/.gradle/caches/modules-2/files-2.1/com.netflix.nebula/gradle-extra-configurations-plugin/3.1.0/8f00e3d372f5526bca7d4cd9b6bc41547913f2e3/gradle-extra-configurations-plugin-3.1.0.jar
7fa8508f2000-7fa8508f4000 r--s 00002000 08:01 13377696                   /opt/git/liferay-portal/.gradle/caches/modules-2/files-2.1/com.liferay/com.liferay.gradle.plugins.whip/1.0.7/d6386f7b75606283a3998f8735572525d1002191/com.liferay.gradle.plugins.whip-1.0.7.jar
7fa8508f4000-7fa8508f6000 r--s 00006000 08:01 13369455                   /opt/git/liferay-portal/.gradle/caches/modules-2/files-2.1/com.liferay/com.liferay.gradle.plugins.poshi.runner/2.2.14/e1ce0d38c1152a98564c38eb4d42b6328a11c5b5/com.liferay.gradle.plugins.poshi.runner-2.2.14.jar
7fa8508f6000-7fa8508f8000 r--s 00005000 08:01 13377695                   /opt/git/liferay-portal/.gradle/caches/modules-2/files-2.1/com.liferay/com.liferay.gradle.plugins.patcher/1.0.16/71b693343ecd5e23300caa4ac246f5163ca402e7/com.liferay.gradle.plugins.patcher-1.0.16.jar
7fa8508f8000-7fa8508fa000 r--s 00003000 08:01 13377694                   /opt/git/liferay-portal/.gradle/caches/modules-2/files-2.1/com.liferay/com.liferay.gradle.plugins.lang.merger/1.1.2/cd0373c2ed0685ef901854c33d64f7844b11b53c/com.liferay.gradle.plugins.lang.merger-1.1.2.jar
7fa8508fa000-7fa8508fc000 r--s 00004000 08:01 13369459                   /opt/git/liferay-portal/.gradle/caches/modules-2/files-2.1/com.liferay/com.liferay.gradle.plugins.jsdoc/2.0.34/5c8b2316402931d6073abf90e996b4c3c27f268c/com.liferay.gradle.plugins.jsdoc-2.0.34.jar
7fa8508fc000-7fa8508fe000 r--s 00005000 08:01 13369454                   /opt/git/liferay-portal/.gradle/caches/modules-2/files-2.1/com.liferay/com.liferay.gradle.plugins.go/1.0.0/548159dc05572ba58575f2b48ffbf2248c727283/com.liferay.gradle.plugins.go-1.0.0.jar
7fa8508fe000-7fa850afe000 rw-p 00000000 00:00 0 
7fa850afe000-7fa850b01000 ---p 00000000 00:00 0 
7fa850b01000-7fa850dff000 rw-p 00000000 00:00 0 
7fa850dff000-7fa850fff000 rw-p 00000000 00:00 0 
7fa850fff000-7fa854000000 rw-p 00000000 00:00 0 
7fa854000000-7fa855503000 rw-p 00000000 00:00 0 
7fa855503000-7fa858000000 ---p 00000000 00:00 0 
7fa858000000-7fa858021000 rw-p 00000000 00:00 0 
7fa858021000-7fa85c000000 ---p 00000000 00:00 0 
7fa85c000000-7fa85c8e5000 rw-p 00000000 00:00 0 
7fa85c8e5000-7fa860000000 ---p 00000000 00:00 0 
7fa860000000-7fa862054000 rw-p 00000000 00:00 0 
7fa862054000-7fa864000000 ---p 00000000 00:00 0 
7fa864000000-7fa864021000 rw-p 00000000 00:00 0 
7fa864021000-7fa868000000 ---p 00000000 00:00 0 
7fa868000000-7fa868069000 rw-p 00000000 00:00 0 
7fa868069000-7fa86c000000 ---p 00000000 00:00 0 
7fa86c000000-7fa86c2a1000 rw-p 00000000 00:00 0 
7fa86c2a1000-7fa870000000 ---p 00000000 00:00 0 
7fa870000000-7fa87004a000 rw-p 00000000 00:00 0 
7fa87004a000-7fa874000000 ---p 00000000 00:00 0 
7fa874000000-7fa874001000 r--s 00003000 08:01 13377700                   /opt/git/liferay-portal/.gradle/caches/modules-2/files-2.1/com.liferay/com.liferay.gradle.plugins.jasper.jspc/2.0.5/1948bfa0d760bafa16ce7fb747aaba70022c56f6/com.liferay.gradle.plugins.jasper.jspc-2.0.5.jar
7fa874001000-7fa874003000 r--s 00003000 08:01 13377691                   /opt/git/liferay-portal/.gradle/caches/modules-2/files-2.1/com.liferay/com.liferay.gradle.plugins.dependency.checker/1.0.3/129b29272f729fe19026722a28d68a59521c23d8/com.liferay.gradle.plugins.dependency.checker-1.0.3.jar
7fa874003000-7fa874004000 r--s 00004000 08:01 13377690                   /opt/git/liferay-portal/.gradle/caches/modules-2/files-2.1/com.liferay/com.liferay.gradle.plugins.change.log.builder/1.1.3/bc693b7f3cf70cdbbc6e65318897eef1b4c2f113/com.liferay.gradle.plugins.change.log.builder-1.1.3.jar
7fa874004000-7fa874006000 r--s 00005000 08:01 13377689                   /opt/git/liferay-portal/.gradle/caches/modules-2/files-2.1/com.liferay/com.liferay.gradle.plugins.cache/1.0.16/5397ac7fc2758a202f812687bb6489bcbbb40b74/com.liferay.gradle.plugins.cache-1.0.16.jar
7fa874006000-7fa874008000 r--s 00008000 08:01 13369453                   /opt/git/liferay-portal/.gradle/caches/modules-2/files-2.1/com.liferay/com.liferay.gradle.plugins.baseline/2.1.1/a8e112f1557979da2dc7e67aa1343dd5c6599366/com.liferay.gradle.plugins.baseline-2.1.1.jar
7fa874008000-7fa874009000 r--s 00003000 08:01 13377687                   /opt/git/liferay-portal/.gradle/caches/modules-2/files-2.1/com.liferay/com.liferay.gradle.plugins.app.javadoc.builder/1.2.2/1d7ac4c3a6548aed12a9000e34aaa5ab579ff620/com.liferay.gradle.plugins.app.javadoc.builder-1.2.2.jar
7fa874009000-7fa874010000 r--s 0003a000 08:01 13369452                   /opt/git/liferay-portal/.gradle/caches/modules-2/files-2.1/com.liferay/com.liferay.gradle.plugins/4.0.68/a838b768ce6fbdeb170fefe597efb3170a7387e6/com.liferay.gradle.plugins-4.0.68.jar
7fa874010000-7fa87401c000 r--s 0006a000 08:01 1977208                    /opt/git/liferay-portal/.gradle/caches/modules-2/files-2.1/com.gradle.publish/plugin-publish-plugin/0.9.9/7105cd510691b4d49d30dc11cf09888153a27512/plugin-publish-plugin-0.9.9.jar
7fa87401c000-7fa874023000 r--s 00068000 08:01 13369450                   /opt/git/liferay-portal/.gradle/caches/modules-2/files-2.1/com.github.jk1/gradle-license-report/1.8/3b10e17b0f9fd4b65b41e5a45e31968202238e8f/gradle-license-report-1.8.jar
7fa874023000-7fa874027000 r--s 0002b000 08:01 14821687                   /opt/git/liferay-portal/.gradle/caches/modules-2/files-2.1/gradle.plugin.org.ysb33r.gradle/gradletest/1.1/2784e724852698981f035a51faf86568385c8b11/gradletest-1.1.jar
7fa874027000-7fa874028000 r--s 00008000 08:01 6172974                    /opt/git/liferay-portal/.gradle/caches/modules-2/files-2.1/de.undercouch/gradle-download-task/3.3.0/ad0b59cc40d010934c2fa667a0f81cf239f9f5bd/gradle-download-task-3.3.0.jar
7fa874028000-7fa87402b000 r--s 00008000 08:01 13369446                   /opt/git/liferay-portal/.gradle/caches/modules-2/files-2.1/com.liferay/com.liferay.gradle.plugins.maven.plugin.builder/1.2.4/babb30b8ad973eeaa2889db9cefa5963a9632ce1/com.liferay.gradle.plugins.maven.plugin.builder-1.2.4.jar
7fa87402b000-7fa874034000 r--s 00056000 08:01 13369448                   /opt/git/liferay-portal/.gradle/caches/modules-2/files-2.1/com.liferay/com.liferay.gradle.plugins.defaults/5.6.23/5ecab2979edb671bc14d9cf66960dd789f593043/com.liferay.gradle.plugins.defaults-5.6.23.jar
7fa874034000-7fa874037000 ---p 00000000 00:00 0 
7fa874037000-7fa874135000 rw-p 00000000 00:00 0 
7fa874135000-7fa874137000 r--s 00009000 08:01 16932091                   /opt/git/liferay-portal/.gradle/wrapper/dists/gradle-4.10.2.LIFERAY-PATCHED-3-bin/e7wcqe1ype7bnmhrlgjopgpge/gradle-4.10.2/lib/plugins/gradle-tooling-api-builders-4.10.2.jar
7fa874137000-7fa874139000 r--s 00003000 08:01 16932092                   /opt/git/liferay-portal/.gradle/wrapper/dists/gradle-4.10.2.LIFERAY-PATCHED-3-bin/e7wcqe1ype7bnmhrlgjopgpge/gradle-4.10.2/lib/plugins/gradle-tooling-native-4.10.2.jar
7fa874139000-7fa87413d000 r--s 00019000 08:01 16932090                   /opt/git/liferay-portal/.gradle/wrapper/dists/gradle-4.10.2.LIFERAY-PATCHED-3-bin/e7wcqe1ype7bnmhrlgjopgpge/gradle-4.10.2/lib/plugins/gradle-testing-native-4.10.2.jar
7fa87413d000-7fa87413f000 r--s 0000d000 08:01 16932106                   /opt/git/liferay-portal/.gradle/wrapper/dists/gradle-4.10.2.LIFERAY-PATCHED-3-bin/e7wcqe1ype7bnmhrlgjopgpge/gradle-4.10.2/lib/plugins/jcommander-1.47.jar
7fa87413f000-7fa874148000 r--s 00089000 08:01 16932407                   /opt/git/liferay-portal/.gradle/wrapper/dists/gradle-4.10.2.LIFERAY-PATCHED-3-bin/e7wcqe1ype7bnmhrlgjopgpge/gradle-4.10.2/lib/plugins/testng-6.3.1.jar
7fa874148000-7fa87414d000 r--s 0005a000 08:01 16921138                   /opt/git/liferay-portal/.gradle/wrapper/dists/gradle-4.10.2.LIFERAY-PATCHED-3-bin/e7wcqe1ype7bnmhrlgjopgpge/gradle-4.10.2/lib/plugins/bsh-2.0b6.jar
7fa87414d000-7fa874151000 r--s 0001c000 08:01 16932089                   /opt/git/liferay-portal/.gradle/wrapper/dists/gradle-4.10.2.LIFERAY-PATCHED-3-bin/e7wcqe1ype7bnmhrlgjopgpge/gradle-4.10.2/lib/plugins/gradle-testing-jvm-4.10.2.jar
7fa874151000-7fa874153000 r--s 0000e000 08:01 16932243                   /opt/git/liferay-portal/.gradle/wrapper/dists/gradle-4.10.2.LIFERAY-PATCHED-3-bin/e7wcqe1ype7bnmhrlgjopgpge/gradle-4.10.2/lib/plugins/junit-platform-commons-1.0.3.jar
7fa874153000-7fa874154000 r--s 00001000 08:01 16932389                   /opt/git/liferay-portal/.gradle/wrapper/dists/gradle-4.10.2.LIFERAY-PATCHED-3-bin/e7wcqe1ype7bnmhrlgjopgpge/gradle-4.10.2/lib/plugins/opentest4j-1.0.0.jar
7fa874154000-7fa874157000 r--s 00013000 08:01 16932244                   /opt/git/liferay-portal/.gradle/wrapper/dists/gradle-4.10.2.LIFERAY-PATCHED-3-bin/e7wcqe1ype7bnmhrlgjopgpge/gradle-4.10.2/lib/plugins/junit-platform-engine-1.0.3.jar
7fa874157000-7fa874158000 r--s 00000000 08:01 16921130                   /opt/git/liferay-portal/.gradle/wrapper/dists/gradle-4.10.2.LIFERAY-PATCHED-3-bin/e7wcqe1ype7bnmhrlgjopgpge/gradle-4.10.2/lib/plugins/apiguardian-api-1.0.0.jar
7fa874158000-7fa87415a000 r--s 0000c000 08:01 16932245                   /opt/git/liferay-portal/.gradle/wrapper/dists/gradle-4.10.2.LIFERAY-PATCHED-3-bin/e7wcqe1ype7bnmhrlgjopgpge/gradle-4.10.2/lib/plugins/junit-platform-launcher-1.0.3.jar
7fa87415a000-7fa87415b000 r--s 00003000 08:01 16932088                   /opt/git/liferay-portal/.gradle/wrapper/dists/gradle-4.10.2.LIFERAY-PATCHED-3-bin/e7wcqe1ype7bnmhrlgjopgpge/gradle-4.10.2/lib/plugins/gradle-testing-junit-platform-4.10.2.jar
7fa87415b000-7fa874163000 r--s 00034000 08:01 16932087                   /opt/git/liferay-portal/.gradle/wrapper/dists/gradle-4.10.2.LIFERAY-PATCHED-3-bin/e7wcqe1ype7bnmhrlgjopgpge/gradle-4.10.2/lib/plugins/gradle-testing-base-4.10.2.jar
7fa874163000-7fa87416a000 r--s 00043000 08:01 16921135                   /opt/git/liferay-portal/.gradle/wrapper/dists/gradle-4.10.2.LIFERAY-PATCHED-3-bin/e7wcqe1ype7bnmhrlgjopgpge/gradle-4.10.2/lib/plugins/bcpg-jdk15on-1.58.jar
7fa87416a000-7fa87416d000 r--s 00010000 08:01 16932085                   /opt/git/liferay-portal/.gradle/wrapper/dists/gradle-4.10.2.LIFERAY-PATCHED-3-bin/e7wcqe1ype7bnmhrlgjopgpge/gradle-4.10.2/lib/plugins/gradle-signing-4.10.2.jar
7fa87416d000-7fa87416f000 r--s 00009000 08:01 16932084                   /opt/git/liferay-portal/.gradle/wrapper/dists/gradle-4.10.2.LIFERAY-PATCHED-3-bin/e7wcqe1ype7bnmhrlgjopgpge/gradle-4.10.2/lib/plugins/gradle-scala-4.10.2.jar
7fa87416f000-7fa874170000 r--s 00004000 08:01 16932083                   /opt/git/liferay-portal/.gradle/wrapper/dists/gradle-4.10.2.LIFERAY-PATCHED-3-bin/e7wcqe1ype7bnmhrlgjopgpge/gradle-4.10.2/lib/plugins/gradle-resources-sftp-4.10.2.jar
7fa874170000-7fa874179000 r--s 0005a000 08:01 16921133                   /opt/git/liferay-portal/.gradle/wrapper/dists/gradle-4.10.2.LIFERAY-PATCHED-3-bin/e7wcqe1ype7bnmhrlgjopgpge/gradle-4.10.2/lib/plugins/aws-java-sdk-kms-1.11.267.jar
7fa874179000-7fa87417b000 r--s 00005000 08:01 16932107                   /opt/git/liferay-portal/.gradle/wrapper/dists/gradle-4.10.2.LIFERAY-PATCHED-3-bin/e7wcqe1ype7bnmhrlgjopgpge/gradle-4.10.2/lib/plugins/jmespath-java-1.11.267.jar
7fa87417b000-7fa87418d000 r--s 000bb000 08:01 16921134                   /opt/git/liferay-portal/.gradle/wrapper/dists/gradle-4.10.2.LIFERAY-PATCHED-3-bin/e7wcqe1ype7bnmhrlgjopgpge/gradle-4.10.2/lib/plugins/aws-java-sdk-s3-1.11.267.jar
7fa87418d000-7fa874197000 r--s 00081000 08:01 16932099                   /opt/git/liferay-portal/.gradle/wrapper/dists/gradle-4.10.2.LIFERAY-PATCHED-3-bin/e7wcqe1ype7bnmhrlgjopgpge/gradle-4.10.2/lib/plugins/ion-java-1.0.2.jar
7fa874197000-7fa8741ac000 r--s 000bd000 08:01 16921132                   /opt/git/liferay-portal/.gradle/wrapper/dists/gradle-4.10.2.LIFERAY-PATCHED-3-bin/e7wcqe1ype7bnmhrlgjopgpge/gradle-4.10.2/lib/plugins/aws-java-sdk-core-1.11.267.jar
7fa8741ac000-7fa8741ae000 r--s 00004000 08:01 16932082                   /opt/git/liferay-portal/.gradle/wrapper/dists/gradle-4.10.2.LIFERAY-PATCHED-3-bin/e7wcqe1ype7bnmhrlgjopgpge/gradle-4.10.2/lib/plugins/gradle-resources-s3-4.10.2.jar
7fa8741ae000-7fa8741be000 r--s 00088000 08:01 16932199                   /opt/git/liferay-portal/.gradle/wrapper/dists/gradle-4.10.2.LIFERAY-PATCHED-3-bin/e7wcqe1ype7bnmhrlgjopgpge/gradle-4.10.2/lib/plugins/joda-time-2.8.2.jar
7fa8741be000-7fa8741d1000 r--s 00136000 08:01 16932103                   /opt/git/liferay-portal/.gradle/wrapper/dists/gradle-4.10.2.LIFERAY-PATCHED-3-bin/e7wcqe1ype7bnmhrlgjopgpge/gradle-4.10.2/lib/plugins/jackson-databind-2.9.4.jar
7fa8741d1000-7fa8741d4000 r--s 0000e000 08:01 16932101                   /opt/git/liferay-portal/.gradle/wrapper/dists/gradle-4.10.2.LIFERAY-PATCHED-3-bin/e7wcqe1ype7bnmhrlgjopgpge/gradle-4.10.2/lib/plugins/jackson-annotations-2.9.4.jar
7fa8741d4000-7fa8741d8000 r--s 0004b000 08:01 16932102                   /opt/git/liferay-portal/.gradle/wrapper/dists/gradle-4.10.2.LIFERAY-PATCHED-3-bin/e7wcqe1ype7bnmhrlgjopgpge/gradle-4.10.2/lib/plugins/jackson-core-2.9.4.jar
7fa8741d8000-7fa8741d9000 r--s 00001000 08:01 16921145                   /opt/git/liferay-portal/.gradle/wrapper/dists/gradle-4.10.2.LIFERAY-PATCHED-3-bin/e7wcqe1ype7bnmhrlgjopgpge/gradle-4.10.2/lib/plugins/google-http-client-jackson2-1.23.0.jar
7fa8741d9000-7fa8741e2000 r--s 0004f000 08:01 16921144                   /opt/git/liferay-portal/.gradle/wrapper/dists/gradle-4.10.2.LIFERAY-PATCHED-3-bin/e7wcqe1ype7bnmhrlgjopgpge/gradle-4.10.2/lib/plugins/google-http-client-1.23.0.jar
7fa8741e2000-7fa8741e5000 r--s 0000d000 08:01 16921146                   /opt/git/liferay-portal/.gradle/wrapper/dists/gradle-4.10.2.LIFERAY-PATCHED-3-bin/e7wcqe1ype7bnmhrlgjopgpge/gradle-4.10.2/lib/plugins/google-oauth-client-1.23.0.jar
7fa8741e5000-7fa8741ea000 r--s 0002c000 08:01 16921142                   /opt/git/liferay-portal/.gradle/wrapper/dists/gradle-4.10.2.LIFERAY-PATCHED-3-bin/e7wcqe1ype7bnmhrlgjopgpge/gradle-4.10.2/lib/plugins/google-api-client-1.23.0.jar
7fa8741ea000-7fa8741ee000 r--s 0001c000 08:01 16921143                   /opt/git/liferay-portal/.gradle/wrapper/dists/gradle-4.10.2.LIFERAY-PATCHED-3-bin/e7wcqe1ype7bnmhrlgjopgpge/gradle-4.10.2/lib/plugins/google-api-services-storage-v1-rev116-1.23.0.jar
7fa8741ee000-7fa8741f0000 r--s 00003000 08:01 16932081                   /opt/git/liferay-portal/.gradle/wrapper/dists/gradle-4.10.2.LIFERAY-PATCHED-3-bin/e7wcqe1ype7bnmhrlgjopgpge/gradle-4.10.2/lib/plugins/gradle-resources-gcs-4.10.2.jar
7fa8741f0000-7fa8741f3000 r--s 0000f000 08:01 16932080                   /opt/git/liferay-portal/.gradle/wrapper/dists/gradle-4.10.2.LIFERAY-PATCHED-3-bin/e7wcqe1ype7bnmhrlgjopgpge/gradle-4.10.2/lib/plugins/gradle-reporting-4.10.2.jar
7fa8741f3000-7fa8741f5000 r--s 00007000 08:01 16932079                   /opt/git/liferay-portal/.gradle/wrapper/dists/gradle-4.10.2.LIFERAY-PATCHED-3-bin/e7wcqe1ype7bnmhrlgjopgpge/gradle-4.10.2/lib/plugins/gradle-publish-4.10.2.jar
7fa8741f5000-7fa8741f7000 r--s 00009000 08:01 16921139                   /opt/git/liferay-portal/.gradle/wrapper/dists/gradle-4.10.2.LIFERAY-PATCHED-3-bin/e7wcqe1ype7bnmhrlgjopgpge/gradle-4.10.2/lib/plugins/commons-cli-1.2.jar
7fa8741f7000-7fa8741fd000 r--s 0003e000 08:01 16932078                   /opt/git/liferay-portal/.gradle/wrapper/dists/gradle-4.10.2.LIFERAY-PATCHED-3-bin/e7wcqe1ype7bnmhrlgjopgpge/gradle-4.10.2/lib/plugins/gradle-plugins-4.10.2.jar
7fa8741fd000-7fa8741ff000 r--s 0000b000 08:01 16932076                   /opt/git/liferay-portal/.gradle/wrapper/dists/gradle-4.10.2.LIFERAY-PATCHED-3-bin/e7wcqe1ype7bnmhrlgjopgpge/gradle-4.10.2/lib/plugins/gradle-plugin-development-4.10.2.jar
7fa8741ff000-7fa874205000 r--s 00030000 08:01 16932075                   /opt/git/liferay-portal/.gradle/wrapper/dists/gradle-4.10.2.LIFERAY-PATCHED-3-bin/e7wcqe1ype7bnmhrlgjopgpge/gradle-4.10.2/lib/plugins/gradle-platform-play-4.10.2.jar
7fa874205000-7fa87420b000 r--s 00033000 08:01 16932406                   /opt/git/liferay-portal/.gradle/wrapper/dists/gradle-4.10.2.LIFERAY-PATCHED-3-bin/e7wcqe1ype7bnmhrlgjopgpge/gradle-4.10.2/lib/plugins/snakeyaml-1.6.jar
7fa87420b000-7fa87421c000 r--s 00075000 08:01 16932074                   /opt/git/liferay-portal/.gradle/wrapper/dists/gradle-4.10.2.LIFERAY-PATCHED-3-bin/e7wcqe1ype7bnmhrlgjopgpge/gradle-4.10.2/lib/plugins/gradle-platform-native-4.10.2.jar
7fa87421c000-7fa874220000 r--s 0001b000 08:01 16932073                   /opt/git/liferay-portal/.gradle/wrapper/dists/gradle-4.10.2.LIFERAY-PATCHED-3-bin/e7wcqe1ype7bnmhrlgjopgpge/gradle-4.10.2/lib/plugins/gradle-platform-jvm-4.10.2.jar
7fa874220000-7fa874227000 r--s 00029000 08:01 16932072                   /opt/git/liferay-portal/.gradle/wrapper/dists/gradle-4.10.2.LIFERAY-PATCHED-3-bin/e7wcqe1ype7bnmhrlgjopgpge/gradle-4.10.2/lib/plugins/gradle-platform-base-4.10.2.jar
7fa874227000-7fa874252000 r--s 00247000 08:01 16921137                   /opt/git/liferay-portal/.gradle/wrapper/dists/gradle-4.10.2.LIFERAY-PATCHED-3-bin/e7wcqe1ype7bnmhrlgjopgpge/gradle-4.10.2/lib/plugins/biz.aQute.bndlib-3.4.0.jar
7fa874252000-7fa874253000 r--s 00004000 08:01 16932071                   /opt/git/liferay-portal/.gradle/wrapper/dists/gradle-4.10.2.LIFERAY-PATCHED-3-bin/e7wcqe1ype7bnmhrlgjopgpge/gradle-4.10.2/lib/plugins/gradle-osgi-4.10.2.jar
7fa874253000-7fa874256000 r--s 0000c000 08:01 16932403                   /opt/git/liferay-portal/.gradle/wrapper/dists/gradle-4.10.2.LIFERAY-PATCHED-3-bin/e7wcqe1ype7bnmhrlgjopgpge/gradle-4.10.2/lib/plugins/pmaven-groovy-0.8-20100325.jar
7fa874256000-7fa874257000 r--s 00004000 08:01 16932402                   /opt/git/liferay-portal/.gradle/wrapper/dists/gradle-4.10.2.LIFERAY-PATCHED-3-bin/e7wcqe1ype7bnmhrlgjopgpge/gradle-4.10.2/lib/plugins/pmaven-common-0.8-20100325.jar
7fa874257000-7fa874258000 r--s 00007000 08:01 16932410                   /opt/git/liferay-portal/.gradle/wrapper/dists/gradle-4.10.2.LIFERAY-PATCHED-3-bin/e7wcqe1ype7bnmhrlgjopgpge/gradle-4.10.2/lib/plugins/wagon-http-shared4-2.4.jar
7fa874258000-7fa874259000 r--s 00002000 08:01 16932409                   /opt/git/liferay-portal/.gradle/wrapper/dists/gradle-4.10.2.LIFERAY-PATCHED-3-bin/e7wcqe1ype7bnmhrlgjopgpge/gradle-4.10.2/lib/plugins/wagon-http-2.4.jar
7fa874259000-7fa87425a000 r--s 00002000 08:01 16932408                   /opt/git/liferay-portal/.gradle/wrapper/dists/gradle-4.10.2.LIFERAY-PATCHED-3-bin/e7wcqe1ype7bnmhrlgjopgpge/gradle-4.10.2/lib/plugins/wagon-file-2.4.jar
7fa87425a000-7fa87425c000 r--s 00006000 08:01 16921126                   /opt/git/liferay-portal/.gradle/wrapper/dists/gradle-4.10.2.LIFERAY-PATCHED-3-bin/e7wcqe1ype7bnmhrlgjopgpge/gradle-4.10.2/lib/plugins/aether-connector-wagon-1.13.1.jar
7fa87425c000-7fa874263000 r--s 0002d000 08:01 16932070                   /opt/git/liferay-portal/.gradle/wrapper/dists/gradle-4.10.2.LIFERAY-PATCHED-3-bin/e7wcqe1ype7bnmhrlgjopgpge/gradle-4.10.2/lib/plugins/gradle-maven-4.10.2.jar
7fa874263000-7fa874266000 r--s 0000b000 08:01 16932069                   /opt/git/liferay-portal/.gradle/wrapper/dists/gradle-4.10.2.LIFERAY-PATCHED-3-bin/e7wcqe1ype7bnmhrlgjopgpge/gradle-4.10.2/lib/plugins/gradle-language-scala-4.10.2.jar
7fa874266000-7fa874272000 r--s 0005d000 08:01 16924614                   /opt/git/liferay-portal/.gradle/wrapper/dists/gradle-4.10.2.LIFERAY-PATCHED-3-bin/e7wcqe1ype7bnmhrlgjopgpge/gradle-4.10.2/lib/plugins/gradle-language-native-4.10.2.jar
7fa874272000-7fa874274000 r--s 00005000 08:01 16923247                   /opt/git/liferay-portal/.gradle/wrapper/dists/gradle-4.10.2.LIFERAY-PATCHED-3-bin/e7wcqe1ype7bnmhrlgjopgpge/gradle-4.10.2/lib/plugins/gradle-language-jvm-4.10.2.jar
7fa874274000-7fa87427c000 r--s 0003e000 08:01 16921164                   /opt/git/liferay-portal/.gradle/wrapper/dists/gradle-4.10.2.LIFERAY-PATCHED-3-bin/e7wcqe1ype7bnmhrlgjopgpge/gradle-4.10.2/lib/plugins/gradle-language-java-4.10.2.jar
7fa87427c000-7fa87427e000 r--s 0000b000 08:01 16921163                   /opt/git/liferay-portal/.gradle/wrapper/dists/gradle-4.10.2.LIFERAY-PATCHED-3-bin/e7wcqe1ype7bnmhrlgjopgpge/gradle-4.10.2/lib/plugins/gradle-language-groovy-4.10.2.jar
7fa87427e000-7fa874285000 r--s 00035000 08:01 16932405                   /opt/git/liferay-portal/.gradle/wrapper/dists/gradle-4.10.2.LIFERAY-PATCHED-3-bin/e7wcqe1ype7bnmhrlgjopgpge/gradle-4.10.2/lib/plugins/simple-4.1.21.jar
7fa874285000-7fa874291000 r--s 00100000 08:01 16932404                   /opt/git/liferay-portal/.gradle/wrapper/dists/gradle-4.10.2.LIFERAY-PATCHED-3-bin/e7wcqe1ype7bnmhrlgjopgpge/gradle-4.10.2/lib/plugins/rhino-1.7R3.jar
7fa874291000-7fa874295000 r--s 00012000 08:01 16921162                   /opt/git/liferay-portal/.gradle/wrapper/dists/gradle-4.10.2.LIFERAY-PATCHED-3-bin/e7wcqe1ype7bnmhrlgjopgpge/gradle-4.10.2/lib/plugins/gradle-javascript-4.10.2.jar
7fa874295000-7fa874299000 r--s 00010000 08:01 16921161                   /opt/git/liferay-portal/.gradle/wrapper/dists/gradle-4.10.2.LIFERAY-PATCHED-3-bin/e7wcqe1ype7bnmhrlgjopgpge/gradle-4.10.2/lib/plugins/gradle-jacoco-4.10.2.jar
7fa874299000-7fa87429c000 r--s 00013000 08:01 16921160                   /opt/git/liferay-portal/.gradle/wrapper/dists/gradle-4.10.2.LIFERAY-PATCHED-3-bin/e7wcqe1ype7bnmhrlgjopgpge/gradle-4.10.2/lib/plugins/gradle-ivy-4.10.2.jar
7fa87429c000-7fa87429d000 r--s 00002000 08:01 16921159                   /opt/git/liferay-portal/.gradle/wrapper/dists/gradle-4.10.2.LIFERAY-PATCHED-3-bin/e7wcqe1ype7bnmhrlgjopgpge/gradle-4.10.2/lib/plugins/gradle-ide-play-4.10.2.jar
7fa87429d000-7fa87429e000 r--s 00011000 08:01 16921141                   /opt/git/liferay-portal/.gradle/wrapper/dists/gradle-4.10.2.LIFERAY-PATCHED-3-bin/e7wcqe1ype7bnmhrlgjopgpge/gradle-4.10.2/lib/plugins/dd-plist-1.20.jar
7fa87429e000-7fa8742a5000 r--s 00032000 08:01 16921158                   /opt/git/liferay-portal/.gradle/wrapper/dists/gradle-4.10.2.LIFERAY-PATCHED-3-bin/e7wcqe1ype7bnmhrlgjopgpge/gradle-4.10.2/lib/plugins/gradle-ide-native-4.10.2.jar
7fa8742a5000-7fa8742af000 r--s 0005c000 08:01 16921157                   /opt/git/liferay-portal/.gradle/wrapper/dists/gradle-4.10.2.LIFERAY-PATCHED-3-bin/e7wcqe1ype7bnmhrlgjopgpge/gradle-4.10.2/lib/plugins/gradle-ide-4.10.2.jar
7fa8742af000-7fa8742b1000 r--s 00008000 08:01 16921156                   /opt/git/liferay-portal/.gradle/wrapper/dists/gradle-4.10.2.LIFERAY-PATCHED-3-bin/e7wcqe1ype7bnmhrlgjopgpge/gradle-4.10.2/lib/plugins/gradle-ear-4.10.2.jar
7fa8742b1000-7fa8742b3000 r--s 00005000 08:01 16932104                   /opt/git/liferay-portal/.gradle/wrapper/dists/gradle-4.10.2.LIFERAY-PATCHED-3-bin/e7wcqe1ype7bnmhrlgjopgpge/gradle-4.10.2/lib/plugins/jatl-0.2.2.jar
7fa8742b3000-7fa8742ba000 r--s 0003d000 08:01 16921155                   /opt/git/liferay-portal/.gradle/wrapper/dists/gradle-4.10.2.LIFERAY-PATCHED-3-bin/e7wcqe1ype7bnmhrlgjopgpge/gradle-4.10.2/lib/plugins/gradle-diagnostics-4.10.2.jar
7fa8742ba000-7fa8742bf000 r--s 00028000 08:01 16921152                   /opt/git/liferay-portal/.gradle/wrapper/dists/gradle-4.10.2.LIFERAY-PATCHED-3-bin/e7wcqe1ype7bnmhrlgjopgpge/gradle-4.10.2/lib/plugins/gradle-code-quality-4.10.2.jar
7fa8742bf000-7fa8742c1000 r--s 0000b000 08:01 16932384                   /opt/git/liferay-portal/.gradle/wrapper/dists/gradle-4.10.2.LIFERAY-PATCHED-3-bin/e7wcqe1ype7bnmhrlgjopgpge/gradle-4.10.2/lib/plugins/maven-plugin-api-3.0.4.jar
7fa8742c1000-7fa8742c3000 r--s 0000b000 08:01 16932411                   /opt/git/liferay-portal/.gradle/wrapper/dists/gradle-4.10.2.LIFERAY-PATCHED-3-bin/e7wcqe1ype7bnmhrlgjopgpge/gradle-4.10.2/lib/plugins/wagon-provider-api-2.4.jar
7fa8742c3000-7fa8742c9000 r--s 0003f000 08:01 16932377                   /opt/git/liferay-portal/.gradle/wrapper/dists/gradle-4.10.2.LIFERAY-PATCHED-3-bin/e7wcqe1ype7bnmhrlgjopgpge/gradle-4.10.2/lib/plugins/maven-compat-3.0.4.jar
7fa8742c9000-7fa8742cd000 r--s 0001d000 08:01 16932413                   /opt/git/liferay-portal/.gradle/wrapper/dists/gradle-4.10.2.LIFERAY-PATCHED-3-bin/e7wcqe1ype7bnmhrlgjopgpge/gradle-4.10.2/lib/plugins/xbean-reflect-3.4.jar
7fa8742cd000-7fa8742cf000 r--s 00009000 08:01 16932096                   /opt/git/liferay-portal/.gradle/wrapper/dists/gradle-4.10.2.LIFERAY-PATCHED-3-bin/e7wcqe1ype7bnmhrlgjopgpge/gradle-4.10.2/lib/plugins/hamcrest-core-1.3.jar
7fa8742cf000-7fa8742d7000 r--s 00045000 08:01 16932242                   /opt/git/liferay-portal/.gradle/wrapper/dists/gradle-4.10.2.LIFERAY-PATCHED-3-bin/e7wcqe1ype7bnmhrlgjopgpge/gradle-4.10.2/lib/plugins/junit-4.12.jar
7fa8742d7000-7fa8742d9000 r--s 0000a000 08:01 16932393                   /opt/git/liferay-portal/.gradle/wrapper/dists/gradle-4.10.2.LIFERAY-PATCHED-3-bin/e7wcqe1ype7bnmhrlgjopgpge/gradle-4.10.2/lib/plugins/plexus-classworlds-2.4.jar
7fa8742d9000-7fa8742e0000 r--s 0002e000 08:01 16932395                   /opt/git/liferay-portal/.gradle/wrapper/dists/gradle-4.10.2.LIFERAY-PATCHED-3-bin/e7wcqe1ype7bnmhrlgjopgpge/gradle-4.10.2/lib/plugins/plexus-container-default-1.5.5.jar
7fa8742e0000-7fa8742e6000 r--s 00026000 08:01 16921151                   /opt/git/liferay-portal/.gradle/wrapper/dists/gradle-4.10.2.LIFERAY-PATCHED-3-bin/e7wcqe1ype7bnmhrlgjopgpge/gradle-4.10.2/lib/plugins/gradle-build-init-4.10.2.jar
7fa8742e6000-7fa8742ed000 r--s 0002d000 08:01 16921150                   /opt/git/liferay-portal/.gradle/wrapper/dists/gradle-4.10.2.LIFERAY-PATCHED-3-bin/e7wcqe1ype7bnmhrlgjopgpge/gradle-4.10.2/lib/plugins/gradle-build-comparison-4.10.2.jar
7fa8742ed000-7fa8742ee000 r--s 00002000 08:01 16921149                   /opt/git/liferay-portal/.gradle/wrapper/dists/gradle-4.10.2.LIFERAY-PATCHED-3-bin/e7wcqe1ype7bnmhrlgjopgpge/gradle-4.10.2/lib/plugins/gradle-build-cache-http-4.10.2.jar
7fa8742ee000-7fa8742f0000 r--s 00009000 08:01 16921148                   /opt/git/liferay-portal/.gradle/wrapper/dists/gradle-4.10.2.LIFERAY-PATCHED-3-bin/e7wcqe1ype7bnmhrlgjopgpge/gradle-4.10.2/lib/plugins/gradle-antlr-4.10.2.jar
7fa8742f0000-7fa8742f2000 r--s 00004000 08:01 16921147                   /opt/git/liferay-portal/.gradle/wrapper/dists/gradle-4.10.2.LIFERAY-PATCHED-3-bin/e7wcqe1ype7bnmhrlgjopgpge/gradle-4.10.2/lib/plugins/gradle-announce-4.10.2.jar
7fa8742f2000-7fa8742f4000 r--s 00011000 08:01 16921075                   /opt/git/liferay-portal/.gradle/wrapper/dists/gradle-4.10.2.LIFERAY-PATCHED-3-bin/e7wcqe1ype7bnmhrlgjopgpge/gradle-4.10.2/lib/gradle-kotlin-dsl-tooling-builders-1.0-rc-6.jar
7fa8742f4000-7fa8742f6000 r--s 00005000 08:01 16921074                   /opt/git/liferay-portal/.gradle/wrapper/dists/gradle-4.10.2.LIFERAY-PATCHED-3-bin/e7wcqe1ype7bnmhrlgjopgpge/gradle-4.10.2/lib/gradle-kotlin-dsl-provider-plugins-1.0-rc-6.jar
7fa8742f6000-7fa8742f8000 r--s 0000c000 08:01 16932077                   /opt/git/liferay-portal/.gradle/wrapper/dists/gradle-4.10.2.LIFERAY-PATCHED-3-bin/e7wcqe1ype7bnmhrlgjopgpge/gradle-4.10.2/lib/plugins/gradle-plugin-use-4.10.2.jar
7fa8742f8000-7fa8742f9000 r--s 00000000 08:01 16921086                   /opt/git/liferay-portal/.gradle/wrapper/dists/gradle-4.10.2.LIFERAY-PATCHED-3-bin/e7wcqe1ype7bnmhrlgjopgpge/gradle-4.10.2/lib/gradle-runtime-api-info-4.10.2.jar
7fa8742f9000-7fa874312000 r--s 0013a000 08:01 16932414                   /opt/git/liferay-portal/.gradle/wrapper/dists/gradle-4.10.2.LIFERAY-PATCHED-3-bin/e7wcqe1ype7bnmhrlgjopgpge/gradle-4.10.2/lib/plugins/xercesImpl-2.12.0.jar
7fa874312000-7fa874315000 r--s 0001c000 08:01 16932388                   /opt/git/liferay-portal/.gradle/wrapper/dists/gradle-4.10.2.LIFERAY-PATCHED-3-bin/e7wcqe1ype7bnmhrlgjopgpge/gradle-4.10.2/lib/plugins/nekohtml-1.9.20.jar
7fa874315000-7fa87431b000 r--s 0005b000 08:01 16932105                   /opt/git/liferay-portal/.gradle/wrapper/dists/gradle-4.10.2.LIFERAY-PATCHED-3-bin/e7wcqe1ype7bnmhrlgjopgpge/gradle-4.10.2/lib/plugins/jcifs-1.3.17.jar
7fa87431b000-7fa87431e000 r--s 00010000 08:01 16932457                   /opt/git/liferay-portal/.gradle/wrapper/dists/gradle-4.10.2.LIFERAY-PATCHED-3-bin/e7wcqe1ype7bnmhrlgjopgpge/gradle-4.10.2/lib/plugins/gradle-resources-http-4.10.2.LIFERAY-PATCHED-3.jar
7fa87431e000-7fa874323000 r--s 00040000 08:01 16932241                   /opt/git/liferay-portal/.gradle/wrapper/dists/gradle-4.10.2.LIFERAY-PATCHED-3-bin/e7wcqe1ype7bnmhrlgjopgpge/gradle-4.10.2/lib/plugins/jsch-0.1.54.jar
7fa874323000-7fa874346000 r--s 00223000 08:01 16932390                   /opt/git/liferay-portal/.gradle/wrapper/dists/gradle-4.10.2.LIFERAY-PATCHED-3-bin/e7wcqe1ype7bnmhrlgjopgpge/gradle-4.10.2/lib/plugins/org.eclipse.jgit-4.5.3.201708160445-r.jar
7fa874346000-7fa87434d000 r--s 00049000 08:01 16932098                   /opt/git/liferay-portal/.gradle/wrapper/dists/gradle-4.10.2.LIFERAY-PATCHED-3-bin/e7wcqe1ype7bnmhrlgjopgpge/gradle-4.10.2/lib/plugins/httpcore-4.4.9.jar
7fa87434d000-7fa874354000 r--s 0003f000 08:01 16921140                   /opt/git/liferay-portal/.gradle/wrapper/dists/gradle-4.10.2.LIFERAY-PATCHED-3-bin/e7wcqe1ype7bnmhrlgjopgpge/gradle-4.10.2/lib/plugins/commons-codec-1.10.jar
7fa874354000-7fa874362000 r--s 000ae000 08:01 16932097                   /opt/git/liferay-portal/.gradle/wrapper/dists/gradle-4.10.2.LIFERAY-PATCHED-3-bin/e7wcqe1ype7bnmhrlgjopgpge/gradle-4.10.2/lib/plugins/httpclient-4.5.5.jar
7fa874362000-7fa874364000 r--s 0000c000 08:01 16932093                   /opt/git/liferay-portal/.gradle/wrapper/dists/gradle-4.10.2.LIFERAY-PATCHED-3-bin/e7wcqe1ype7bnmhrlgjopgpge/gradle-4.10.2/lib/plugins/gradle-version-control-4.10.2.jar
7fa874364000-7fa874366000 r--s 0000d000 08:01 16921153                   /opt/git/liferay-portal/.gradle/wrapper/dists/gradle-4.10.2.LIFERAY-PATCHED-3-bin/e7wcqe1ype7bnmhrlgjopgpge/gradle-4.10.2/lib/plugins/gradle-composite-builds-4.10.2.jar
7fa874366000-7fa874367000 r--s 00000000 08:01 16921071                   /opt/git/liferay-portal/.gradle/wrapper/dists/gradle-4.10.2.LIFERAY-PATCHED-3-bin/e7wcqe1ype7bnmhrlgjopgpge/gradle-4.10.2/lib/gradle-installation-beacon-4.10.2.jar
7fa874367000-7fa874369000 r--s 00006000 08:01 16932385                   /opt/git/liferay-portal/.gradle/wrapper/dists/gradle-4.10.2.LIFERAY-PATCHED-3-bin/e7wcqe1ype7bnmhrlgjopgpge/gradle-4.10.2/lib/plugins/maven-repository-metadata-3.0.4.jar
7fa874369000-7fa87436b000 r--s 0000c000 08:01 16932246                   /opt/git/liferay-portal/.gradle/wrapper/dists/gradle-4.10.2.LIFERAY-PATCHED-3-bin/e7wcqe1ype7bnmhrlgjopgpge/gradle-4.10.2/lib/plugins/maven-aether-provider-3.0.4.jar
7fa87436b000-7fa87436f000 r--s 00021000 08:01 16932383                   /opt/git/liferay-portal/.gradle/wrapper/dists/gradle-4.10.2.LIFERAY-PATCHED-3-bin/e7wcqe1ype7bnmhrlgjopgpge/gradle-4.10.2/lib/plugins/maven-model-builder-3.0.4.jar
7fa87436f000-7fa874371000 r--s 00026000 08:01 16932382                   /opt/git/liferay-portal/.gradle/wrapper/dists/gradle-4.10.2.LIFERAY-PATCHED-3-bin/e7wcqe1ype7bnmhrlgjopgpge/gradle-4.10.2/lib/plugins/maven-model-3.0.4.jar
7fa874371000-7fa874373000 r--s 0000a000 08:01 16932386                   /opt/git/liferay-portal/.gradle/wrapper/dists/gradle-4.10.2.LIFERAY-PATCHED-3-bin/e7wcqe1ype7bnmhrlgjopgpge/gradle-4.10.2/lib/plugins/maven-settings-3.0.4.jar
7fa874373000-7fa874375000 r--s 00002000 08:01 16932391                   /opt/git/liferay-portal/.gradle/wrapper/dists/gradle-4.10.2.LIFERAY-PATCHED-3-bin/e7wcqe1ype7bnmhrlgjopgpge/gradle-4.10.2/lib/plugins/plexus-cipher-1.7.jar
7fa874375000-7fa874376000 r--s 00006000 08:01 16932397                   /opt/git/liferay-portal/.gradle/wrapper/dists/gradle-4.10.2.LIFERAY-PATCHED-3-bin/e7wcqe1ype7bnmhrlgjopgpge/gradle-4.10.2/lib/plugins/plexus-sec-dispatcher-1.3.jar
7fa874376000-7fa874378000 r--s 0000d000 08:01 16932396                   /opt/git/liferay-portal/.gradle/wrapper/dists/gradle-4.10.2.LIFERAY-PATCHED-3-bin/e7wcqe1ype7bnmhrlgjopgpge/gradle-4.10.2/lib/plugins/plexus-interpolation-1.14.jar
7fa874378000-7fa87437a000 r--s 00000000 08:01 16932394                   /opt/git/liferay-portal/.gradle/wrapper/dists/gradle-4.10.2.LIFERAY-PATCHED-3-bin/e7wcqe1ype7bnmhrlgjopgpge/gradle-4.10.2/lib/plugins/plexus-component-annotations-1.5.5.jar
7fa87437a000-7fa87437d000 r--s 00008000 08:01 16932387                   /opt/git/liferay-portal/.gradle/wrapper/dists/gradle-4.10.2.LIFERAY-PATCHED-3-bin/e7wcqe1ype7bnmhrlgjopgpge/gradle-4.10.2/lib/plugins/maven-settings-builder-3.0.4.jar
7fa87437d000-7fa874381000 r--s 00035000 08:01 16932401                   /opt/git/liferay-portal/.gradle/wrapper/dists/gradle-4.10.2.LIFERAY-PATCHED-3-bin/e7wcqe1ype7bnmhrlgjopgpge/gradle-4.10.2/lib/plugins/plexus-utils-3.0.8.jar
7fa874381000-7fa874383000 r--s 0000b000 08:01 16932351                   /opt/git/liferay-portal/.gradle/wrapper/dists/gradle-4.10.2.LIFERAY-PATCHED-3-bin/e7wcqe1ype7bnmhrlgjopgpge/gradle-4.10.2/lib/plugins/maven-artifact-3.0.4.jar
7fa874383000-7fa87438f000 r--s 0007d000 08:01 16932379                   /opt/git/liferay-portal/.gradle/wrapper/dists/gradle-4.10.2.LIFERAY-PATCHED-3-bin/e7wcqe1ype7bnmhrlgjopgpge/gradle-4.10.2/lib/plugins/maven-core-3.0.4.jar
7fa87438f000-7fa87439e000 r--s 000d9000 08:01 16932100                   /opt/git/liferay-portal/.gradle/wrapper/dists/gradle-4.10.2.LIFERAY-PATCHED-3-bin/e7wcqe1ype7bnmhrlgjopgpge/gradle-4.10.2/lib/plugins/ivy-2.2.0.jar
7fa87439e000-7fa8743f1000 r--s 00373000 08:01 16921136                   /opt/git/liferay-portal/.gradle/wrapper/dists/gradle-4.10.2.LIFERAY-PATCHED-3-bin/e7wcqe1ype7bnmhrlgjopgpge/gradle-4.10.2/lib/plugins/bcprov-jdk15on-1.58.jar
7fa8743f1000-7fa874421000 r--s 0018f000 08:01 16921154                   /opt/git/liferay-portal/.gradle/wrapper/dists/gradle-4.10.2.LIFERAY-PATCHED-3-bin/e7wcqe1ype7bnmhrlgjopgpge/gradle-4.10.2/lib/plugins/gradle-dependency-management-4.10.2.jar
7fa874421000-7fa874429000 r-xp 00000000 08:01 8257786                    /opt/java/jdk1.8.0_191/jre/lib/amd64/libmanagement.so
7fa874429000-7fa874629000 ---p 00008000 08:01 8257786                    /opt/java/jdk1.8.0_191/jre/lib/amd64/libmanagement.so
7fa874629000-7fa87462a000 r--p 00008000 08:01 8257786                    /opt/java/jdk1.8.0_191/jre/lib/amd64/libmanagement.so
7fa87462a000-7fa87462b000 rw-p 00009000 08:01 8257786                    /opt/java/jdk1.8.0_191/jre/lib/amd64/libmanagement.so
7fa87462b000-7fa87462e000 ---p 00000000 00:00 0 
7fa87462e000-7fa87472c000 rw-p 00000000 00:00 0 
7fa87472c000-7fa874751000 r-xp 00000000 08:01 13112123                   /lib/x86_64-linux-gnu/libtinfo.so.5.9
7fa874751000-7fa874951000 ---p 00025000 08:01 13112123                   /lib/x86_64-linux-gnu/libtinfo.so.5.9
7fa874951000-7fa874955000 r--p 00025000 08:01 13112123                   /lib/x86_64-linux-gnu/libtinfo.so.5.9
7fa874955000-7fa874956000 rw-p 00029000 08:01 13112123                   /lib/x86_64-linux-gnu/libtinfo.so.5.9
7fa874956000-7fa874977000 r-xp 00000000 08:01 13112038                   /lib/x86_64-linux-gnu/libncurses.so.5.9
7fa874977000-7fa874b77000 ---p 00021000 08:01 13112038                   /lib/x86_64-linux-gnu/libncurses.so.5.9
7fa874b77000-7fa874b78000 r--p 00021000 08:01 13112038                   /lib/x86_64-linux-gnu/libncurses.so.5.9
7fa874b78000-7fa874b79000 rw-p 00022000 08:01 13112038                   /lib/x86_64-linux-gnu/libncurses.so.5.9
7fa874b79000-7fa874b7c000 r-xp 00000000 08:01 14947459                   /opt/git/liferay-portal/.gradle/native/25/linux-amd64-ncurses5/libnative-platform-curses.so
7fa874b7c000-7fa874d7c000 ---p 00003000 08:01 14947459                   /opt/git/liferay-portal/.gradle/native/25/linux-amd64-ncurses5/libnative-platform-curses.so
7fa874d7c000-7fa874d7d000 rw-p 00003000 08:01 14947459                   /opt/git/liferay-portal/.gradle/native/25/linux-amd64-ncurses5/libnative-platform-curses.so
7fa874d7d000-7fa874d94000 r-xp 00000000 08:01 13111979                   /lib/x86_64-linux-gnu/libgcc_s.so.1
7fa874d94000-7fa874f93000 ---p 00017000 08:01 13111979                   /lib/x86_64-linux-gnu/libgcc_s.so.1
7fa874f93000-7fa874f94000 r--p 00016000 08:01 13111979                   /lib/x86_64-linux-gnu/libgcc_s.so.1
7fa874f94000-7fa874f95000 rw-p 00017000 08:01 13111979                   /lib/x86_64-linux-gnu/libgcc_s.so.1
7fa874f95000-7fa87510e000 r-xp 00000000 08:01 16515268                   /usr/lib/x86_64-linux-gnu/libstdc++.so.6.0.25
7fa87510e000-7fa87530e000 ---p 00179000 08:01 16515268                   /usr/lib/x86_64-linux-gnu/libstdc++.so.6.0.25
7fa87530e000-7fa875318000 r--p 00179000 08:01 16515268                   /usr/lib/x86_64-linux-gnu/libstdc++.so.6.0.25
7fa875318000-7fa87531a000 rw-p 00183000 08:01 16515268                   /usr/lib/x86_64-linux-gnu/libstdc++.so.6.0.25
7fa87531a000-7fa87531e000 rw-p 00000000 00:00 0 
7fa87531e000-7fa87531f000 r--s 00003000 08:01 16921128                   /opt/git/liferay-portal/.gradle/wrapper/dists/gradle-4.10.2.LIFERAY-PATCHED-3-bin/e7wcqe1ype7bnmhrlgjopgpge/gradle-4.10.2/lib/plugins/aether-spi-1.13.1.jar
7fa87531f000-7fa875322000 r--s 0001d000 08:01 16921127                   /opt/git/liferay-portal/.gradle/wrapper/dists/gradle-4.10.2.LIFERAY-PATCHED-3-bin/e7wcqe1ype7bnmhrlgjopgpge/gradle-4.10.2/lib/plugins/aether-impl-1.13.1.jar
7fa875322000-7fa875326000 r--s 0001c000 08:01 16921129                   /opt/git/liferay-portal/.gradle/wrapper/dists/gradle-4.10.2.LIFERAY-PATCHED-3-bin/e7wcqe1ype7bnmhrlgjopgpge/gradle-4.10.2/lib/plugins/aether-util-1.13.1.jar
7fa875326000-7fa875329000 r--s 00013000 08:01 16921125                   /opt/git/liferay-portal/.gradle/wrapper/dists/gradle-4.10.2.LIFERAY-PATCHED-3-bin/e7wcqe1ype7bnmhrlgjopgpge/gradle-4.10.2/lib/plugins/aether-api-1.13.1.jar
7fa875329000-7fa87532e000 r--s 00034000 08:01 16932095                   /opt/git/liferay-portal/.gradle/wrapper/dists/gradle-4.10.2.LIFERAY-PATCHED-3-bin/e7wcqe1ype7bnmhrlgjopgpge/gradle-4.10.2/lib/plugins/gson-2.7.jar
7fa87532e000-7fa875330000 r--s 00012000 08:01 16921131                   /opt/git/liferay-portal/.gradle/wrapper/dists/gradle-4.10.2.LIFERAY-PATCHED-3-bin/e7wcqe1ype7bnmhrlgjopgpge/gradle-4.10.2/lib/plugins/asm-util-6.2.jar
7fa875330000-7fa875332000 r--s 0000e000 08:01 16932094                   /opt/git/liferay-portal/.gradle/wrapper/dists/gradle-4.10.2.LIFERAY-PATCHED-3-bin/e7wcqe1ype7bnmhrlgjopgpge/gradle-4.10.2/lib/plugins/gradle-workers-4.10.2.jar
7fa875332000-7fa875339000 r--s 00000000 08:01 16780197                   /usr/lib/x86_64-linux-gnu/gconv/gconv-modules.cache
7fa875339000-7fa87533e000 r-xp 00000000 08:01 14947456                   /opt/git/liferay-portal/.gradle/native/25/linux-amd64/libnative-platform.so
7fa87533e000-7fa87553d000 ---p 00005000 08:01 14947456                   /opt/git/liferay-portal/.gradle/native/25/linux-amd64/libnative-platform.so
7fa87553d000-7fa87553e000 rw-p 00004000 08:01 14947456                   /opt/git/liferay-portal/.gradle/native/25/linux-amd64/libnative-platform.so
7fa87553e000-7fa875540000 r--s 00006000 08:01 16921088                   /opt/git/liferay-portal/.gradle/wrapper/dists/gradle-4.10.2.LIFERAY-PATCHED-3-bin/e7wcqe1ype7bnmhrlgjopgpge/gradle-4.10.2/lib/gradle-wrapper-4.10.2.jar
7fa875540000-7fa87554f000 r--s 0004b000 08:01 16921087                   /opt/git/liferay-portal/.gradle/wrapper/dists/gradle-4.10.2.LIFERAY-PATCHED-3-bin/e7wcqe1ype7bnmhrlgjopgpge/gradle-4.10.2/lib/gradle-tooling-api-4.10.2.jar
7fa87554f000-7fa875551000 r--s 00002000 08:01 16921104                   /opt/git/liferay-portal/.gradle/wrapper/dists/gradle-4.10.2.LIFERAY-PATCHED-3-bin/e7wcqe1ype7bnmhrlgjopgpge/gradle-4.10.2/lib/kotlin-stdlib-jdk8-1.2.61.jar
7fa875551000-7fa875552000 r--s 00000000 08:01 16921103                   /opt/git/liferay-portal/.gradle/wrapper/dists/gradle-4.10.2.LIFERAY-PATCHED-3-bin/e7wcqe1ype7bnmhrlgjopgpge/gradle-4.10.2/lib/kotlin-stdlib-jdk7-1.2.61.jar
7fa875552000-7fa875558000 r--s 00015000 08:01 16921102                   /opt/git/liferay-portal/.gradle/wrapper/dists/gradle-4.10.2.LIFERAY-PATCHED-3-bin/e7wcqe1ype7bnmhrlgjopgpge/gradle-4.10.2/lib/kotlin-stdlib-common-1.2.61.jar
7fa875558000-7fa875568000 r--s 000db000 08:01 16921101                   /opt/git/liferay-portal/.gradle/wrapper/dists/gradle-4.10.2.LIFERAY-PATCHED-3-bin/e7wcqe1ype7bnmhrlgjopgpge/gradle-4.10.2/lib/kotlin-stdlib-1.2.61.jar
7fa875568000-7fa87556a000 r--s 00009000 08:01 16921100                   /opt/git/liferay-portal/.gradle/wrapper/dists/gradle-4.10.2.LIFERAY-PATCHED-3-bin/e7wcqe1ype7bnmhrlgjopgpge/gradle-4.10.2/lib/kotlin-script-runtime-1.2.61.jar
7fa87556a000-7fa87556b000 r--s 00002000 08:01 16921099                   /opt/git/liferay-portal/.gradle/wrapper/dists/gradle-4.10.2.LIFERAY-PATCHED-3-bin/e7wcqe1ype7bnmhrlgjopgpge/gradle-4.10.2/lib/kotlin-sam-with-receiver-compiler-plugin-1.2.61.jar
7fa87556b000-7fa8755a0000 r--s 00241000 08:01 16921098                   /opt/git/liferay-portal/.gradle/wrapper/dists/gradle-4.10.2.LIFERAY-PATCHED-3-bin/e7wcqe1ype7bnmhrlgjopgpge/gradle-4.10.2/lib/kotlin-reflect-1.2.61.jar
7fa8755a0000-7fa87576b000 r--s 019b7000 08:01 16921097                   /opt/git/liferay-portal/.gradle/wrapper/dists/gradle-4.10.2.LIFERAY-PATCHED-3-bin/e7wcqe1ype7bnmhrlgjopgpge/gradle-4.10.2/lib/kotlin-compiler-embeddable-1.2.61.jar
7fa87576b000-7fa87576d000 r--s 00000000 08:01 16921076                   /opt/git/liferay-portal/.gradle/wrapper/dists/gradle-4.10.2.LIFERAY-PATCHED-3-bin/e7wcqe1ype7bnmhrlgjopgpge/gradle-4.10.2/lib/gradle-kotlin-dsl-tooling-models-1.0-rc-6.jar
7fa87576d000-7fa87576f000 r--s 00003000 08:01 16921050                   /opt/git/liferay-portal/.gradle/wrapper/dists/gradle-4.10.2.LIFERAY-PATCHED-3-bin/e7wcqe1ype7bnmhrlgjopgpge/gradle-4.10.2/lib/annotations-13.0.jar
7fa87576f000-7fa875783000 r--s 00109000 08:01 16921073                   /opt/git/liferay-portal/.gradle/wrapper/dists/gradle-4.10.2.LIFERAY-PATCHED-3-bin/e7wcqe1ype7bnmhrlgjopgpge/gradle-4.10.2/lib/gradle-kotlin-dsl-1.0-rc-6.jar
7fa875783000-7fa875787000 r--s 00013000 08:01 16921065                   /opt/git/liferay-portal/.gradle/wrapper/dists/gradle-4.10.2.LIFERAY-PATCHED-3-bin/e7wcqe1ype7bnmhrlgjopgpge/gradle-4.10.2/lib/gradle-build-cache-4.10.2.jar
7fa875787000-7fa87578d000 r--s 00034000 08:01 16921083                   /opt/git/liferay-portal/.gradle/wrapper/dists/gradle-4.10.2.LIFERAY-PATCHED-3-bin/e7wcqe1ype7bnmhrlgjopgpge/gradle-4.10.2/lib/gradle-persistent-cache-4.10.2.jar
7fa87578d000-7fa875792000 r--s 00015000 08:01 16921085                   /opt/git/liferay-portal/.gradle/wrapper/dists/gradle-4.10.2.LIFERAY-PATCHED-3-bin/e7wcqe1ype7bnmhrlgjopgpge/gradle-4.10.2/lib/gradle-resources-4.10.2.jar
7fa875792000-7fa875793000 r--s 00003000 08:01 16921066                   /opt/git/liferay-portal/.gradle/wrapper/dists/gradle-4.10.2.LIFERAY-PATCHED-3-bin/e7wcqe1ype7bnmhrlgjopgpge/gradle-4.10.2/lib/gradle-build-option-4.10.2.jar
7fa875793000-7fa875794000 r--s 00006000 08:01 16921067                   /opt/git/liferay-portal/.gradle/wrapper/dists/gradle-4.10.2.LIFERAY-PATCHED-3-bin/e7wcqe1ype7bnmhrlgjopgpge/gradle-4.10.2/lib/gradle-cli-4.10.2.jar
7fa875794000-7fa875796000 r--s 00004000 08:01 16921106                   /opt/git/liferay-portal/.gradle/wrapper/dists/gradle-4.10.2.LIFERAY-PATCHED-3-bin/e7wcqe1ype7bnmhrlgjopgpge/gradle-4.10.2/lib/log4j-over-slf4j-1.7.16.jar
7fa875796000-7fa875798000 r--s 00000000 08:01 16921096                   /opt/git/liferay-portal/.gradle/wrapper/dists/gradle-4.10.2.LIFERAY-PATCHED-3-bin/e7wcqe1ype7bnmhrlgjopgpge/gradle-4.10.2/lib/jul-to-slf4j-1.7.16.jar
7fa875798000-7fa87579a000 r--s 00003000 08:01 16921094                   /opt/git/liferay-portal/.gradle/wrapper/dists/gradle-4.10.2.LIFERAY-PATCHED-3-bin/e7wcqe1ype7bnmhrlgjopgpge/gradle-4.10.2/lib/jcl-over-slf4j-1.7.16.jar
7fa87579a000-7fa8757a2000 r--s 00035000 08:01 16921078                   /opt/git/liferay-portal/.gradle/wrapper/dists/gradle-4.10.2.LIFERAY-PATCHED-3-bin/e7wcqe1ype7bnmhrlgjopgpge/gradle-4.10.2/lib/gradle-logging-4.10.2.jar
7fa8757a2000-7fa8757b1000 r--s 00085000 08:01 16921080                   /opt/git/liferay-portal/.gradle/wrapper/dists/gradle-4.10.2.LIFERAY-PATCHED-3-bin/e7wcqe1ype7bnmhrlgjopgpge/gradle-4.10.2/lib/gradle-model-core-4.10.2.jar
7fa8757b1000-7fa8757b3000 r--s 00006000 08:01 16921064                   /opt/git/liferay-portal/.gradle/wrapper/dists/gradle-4.10.2.LIFERAY-PATCHED-3-bin/e7wcqe1ype7bnmhrlgjopgpge/gradle-4.10.2/lib/gradle-base-services-groovy-4.10.2.jar
7fa8757b3000-7fa8757b5000 r--s 00007000 08:01 16921081                   /opt/git/liferay-portal/.gradle/wrapper/dists/gradle-4.10.2.LIFERAY-PATCHED-3-bin/e7wcqe1ype7bnmhrlgjopgpge/gradle-4.10.2/lib/gradle-model-groovy-4.10.2.jar
7fa8757b5000-7fa8757b6000 r--s 00006000 08:01 16921070                   /opt/git/liferay-portal/.gradle/wrapper/dists/gradle-4.10.2.LIFERAY-PATCHED-3-bin/e7wcqe1ype7bnmhrlgjopgpge/gradle-4.10.2/lib/gradle-docs-4.10.2.jar
7fa8757b6000-7fa8757bf000 r--s 0002d000 08:01 16932420                   /opt/git/liferay-portal/.gradle/wrapper/dists/gradle-4.10.2.LIFERAY-PATCHED-3-bin/e7wcqe1ype7bnmhrlgjopgpge/gradle-4.10.2/lib/xml-apis-1.4.01.jar
7fa8757bf000-7fa8757c0000 r--s 00000000 08:01 16921092                   /opt/git/liferay-portal/.gradle/wrapper/dists/gradle-4.10.2.LIFERAY-PATCHED-3-bin/e7wcqe1ype7bnmhrlgjopgpge/gradle-4.10.2/lib/javax.inject-1.jar
7fa8757c0000-7fa875831000 r--s 00665000 08:01 16921089                   /opt/git/liferay-portal/.gradle/wrapper/dists/gradle-4.10.2.LIFERAY-PATCHED-3-bin/e7wcqe1ype7bnmhrlgjopgpge/gradle-4.10.2/lib/groovy-all-2.4.15.jar
7fa875831000-7fa87583b000 r--s 00078000 08:01 16921058                   /opt/git/liferay-portal/.gradle/wrapper/dists/gradle-4.10.2.LIFERAY-PATCHED-3-bin/e7wcqe1ype7bnmhrlgjopgpge/gradle-4.10.2/lib/commons-compress-1.14.jar
7fa87583b000-7fa875848000 r--s 00083000 08:01 16921057                   /opt/git/liferay-portal/.gradle/wrapper/dists/gradle-4.10.2.LIFERAY-PATCHED-3-bin/e7wcqe1ype7bnmhrlgjopgpge/gradle-4.10.2/lib/commons-collections-3.2.2.jar
7fa875848000-7fa875849000 r--s 00007000 08:01 16921054                   /opt/git/liferay-portal/.gradle/wrapper/dists/gradle-4.10.2.LIFERAY-PATCHED-3-bin/e7wcqe1ype7bnmhrlgjopgpge/gradle-4.10.2/lib/asm-analysis-6.2.jar
7fa875849000-7fa87584b000 r--s 0000b000 08:01 16921056                   /opt/git/liferay-portal/.gradle/wrapper/dists/gradle-4.10.2.LIFERAY-PATCHED-3-bin/e7wcqe1ype7bnmhrlgjopgpge/gradle-4.10.2/lib/asm-tree-6.2.jar
7fa87584b000-7fa87584d000 r--s 00012000 08:01 16921055                   /opt/git/liferay-portal/.gradle/wrapper/dists/gradle-4.10.2.LIFERAY-PATCHED-3-bin/e7wcqe1ype7bnmhrlgjopgpge/gradle-4.10.2/lib/asm-commons-6.2.jar
7fa87584d000-7fa87584e000 r--s 00004000 08:01 16921109                   /opt/git/liferay-portal/.gradle/wrapper/dists/gradle-4.10.2.LIFERAY-PATCHED-3-bin/e7wcqe1ype7bnmhrlgjopgpge/gradle-4.10.2/lib/native-platform-freebsd-amd64-libcpp-0.14.jar
7fa87584e000-7fa87584f000 r--s 00004000 08:01 16921110                   /opt/git/liferay-portal/.gradle/wrapper/dists/gradle-4.10.2.LIFERAY-PATCHED-3-bin/e7wcqe1ype7bnmhrlgjopgpge/gradle-4.10.2/lib/native-platform-freebsd-amd64-libstdcpp-0.14.jar
7fa87584f000-7fa875850000 r--s 00004000 08:01 16921111                   /opt/git/liferay-portal/.gradle/wrapper/dists/gradle-4.10.2.LIFERAY-PATCHED-3-bin/e7wcqe1ype7bnmhrlgjopgpge/gradle-4.10.2/lib/native-platform-freebsd-i386-libcpp-0.14.jar
7fa875850000-7fa875851000 r--s 00003000 08:01 16921112                   /opt/git/liferay-portal/.gradle/wrapper/dists/gradle-4.10.2.LIFERAY-PATCHED-3-bin/e7wcqe1ype7bnmhrlgjopgpge/gradle-4.10.2/lib/native-platform-freebsd-i386-libstdcpp-0.14.jar
7fa875851000-7fa875852000 r--s 00002000 08:01 16921113                   /opt/git/liferay-portal/.gradle/wrapper/dists/gradle-4.10.2.LIFERAY-PATCHED-3-bin/e7wcqe1ype7bnmhrlgjopgpge/gradle-4.10.2/lib/native-platform-linux-amd64-0.14.jar
7fa875852000-7fa875853000 r--s 00002000 08:01 16921116                   /opt/git/liferay-portal/.gradle/wrapper/dists/gradle-4.10.2.LIFERAY-PATCHED-3-bin/e7wcqe1ype7bnmhrlgjopgpge/gradle-4.10.2/lib/native-platform-linux-i386-0.14.jar
7fa875853000-7fa875855000 r--s 00002000 08:01 16921119                   /opt/git/liferay-portal/.gradle/wrapper/dists/gradle-4.10.2.LIFERAY-PATCHED-3-bin/e7wcqe1ype7bnmhrlgjopgpge/gradle-4.10.2/lib/native-platform-osx-amd64-0.14.jar
7fa875855000-7fa875856000 r--s 00003000 08:01 16921120                   /opt/git/liferay-portal/.gradle/wrapper/dists/gradle-4.10.2.LIFERAY-PATCHED-3-bin/e7wcqe1ype7bnmhrlgjopgpge/gradle-4.10.2/lib/native-platform-osx-i386-0.14.jar
7fa875856000-7fa875858000 r--s 0000b000 08:01 16921121                   /opt/git/liferay-portal/.gradle/wrapper/dists/gradle-4.10.2.LIFERAY-PATCHED-3-bin/e7wcqe1ype7bnmhrlgjopgpge/gradle-4.10.2/lib/native-platform-windows-amd64-0.14.jar
7fa875858000-7fa875859000 r--s 0000b000 08:01 16921122                   /opt/git/liferay-portal/.gradle/wrapper/dists/gradle-4.10.2.LIFERAY-PATCHED-3-bin/e7wcqe1ype7bnmhrlgjopgpge/gradle-4.10.2/lib/native-platform-windows-i386-0.14.jar
7fa875859000-7fa875881000 r--s 001cf000 08:01 16921090                   /opt/git/liferay-portal/.gradle/wrapper/dists/gradle-4.10.2.LIFERAY-PATCHED-3-bin/e7wcqe1ype7bnmhrlgjopgpge/gradle-4.10.2/lib/guava-jdk5-17.0.jar
7fa875881000-7fa8758c7000 r--s 00265000 08:01 16921068                   /opt/git/liferay-portal/.gradle/wrapper/dists/gradle-4.10.2.LIFERAY-PATCHED-3-bin/e7wcqe1ype7bnmhrlgjopgpge/gradle-4.10.2/lib/gradle-core-4.10.2.jar
7fa8758c7000-7fa8758d8000 r-xp 00000000 08:01 8257781                    /opt/java/jdk1.8.0_191/jre/lib/amd64/libnio.so
7fa8758d8000-7fa875ad7000 ---p 00011000 08:01 8257781                    /opt/java/jdk1.8.0_191/jre/lib/amd64/libnio.so
7fa875ad7000-7fa875ad8000 r--p 00010000 08:01 8257781                    /opt/java/jdk1.8.0_191/jre/lib/amd64/libnio.so
7fa875ad8000-7fa875ad9000 rw-p 00011000 08:01 8257781                    /opt/java/jdk1.8.0_191/jre/lib/amd64/libnio.so
7fa875ad9000-7fa875aef000 r-xp 00000000 08:01 8257778                    /opt/java/jdk1.8.0_191/jre/lib/amd64/libnet.so
7fa875aef000-7fa875cee000 ---p 00016000 08:01 8257778                    /opt/java/jdk1.8.0_191/jre/lib/amd64/libnet.so
7fa875cee000-7fa875cef000 r--p 00015000 08:01 8257778                    /opt/java/jdk1.8.0_191/jre/lib/amd64/libnet.so
7fa875cef000-7fa875cf0000 rw-p 00016000 08:01 8257778                    /opt/java/jdk1.8.0_191/jre/lib/amd64/libnet.so
7fa875cf0000-7fa875cf1000 ---p 00000000 00:00 0 
7fa875cf1000-7fa875df1000 rw-p 00000000 00:00 0 
7fa875df1000-7fa875df4000 ---p 00000000 00:00 0 
7fa875df4000-7fa875ef2000 rw-p 00000000 00:00 0 
7fa875ef2000-7fa875ef3000 ---p 00000000 00:00 0 
7fa875ef3000-7fa875ef6000 ---p 00000000 00:00 0 
7fa875ef6000-7fa875ff3000 rw-p 00000000 00:00 0 
7fa875ff3000-7fa875ff4000 ---p 00000000 00:00 0 
7fa875ff4000-7fa875ff7000 ---p 00000000 00:00 0 
7fa875ff7000-7fa8760f4000 rw-p 00000000 00:00 0 
7fa8760f4000-7fa8760f7000 ---p 00000000 00:00 0 
7fa8760f7000-7fa8761f5000 rw-p 00000000 00:00 0 
7fa8761f5000-7fa876cf5000 r--p 00000000 08:01 16521843                   /usr/lib/locale/locale-archive
7fa876cf5000-7fa876cf8000 ---p 00000000 00:00 0 
7fa876cf8000-7fa876df6000 rw-p 00000000 00:00 0 
7fa876df6000-7fa876df9000 ---p 00000000 00:00 0 
7fa876df9000-7fa876ef7000 rw-p 00000000 00:00 0 
7fa876ef7000-7fa876ef8000 ---p 00000000 00:00 0 
7fa876ef8000-7fa878000000 rw-p 00000000 00:00 0 
7fa878000000-7fa878062000 rw-p 00000000 00:00 0 
7fa878062000-7fa87c000000 ---p 00000000 00:00 0 
7fa87c000000-7fa87c001000 r--s 00001000 08:01 16921114                   /opt/git/liferay-portal/.gradle/wrapper/dists/gradle-4.10.2.LIFERAY-PATCHED-3-bin/e7wcqe1ype7bnmhrlgjopgpge/gradle-4.10.2/lib/native-platform-linux-amd64-ncurses5-0.14.jar
7fa87c001000-7fa87c002000 r--s 00001000 08:01 16921115                   /opt/git/liferay-portal/.gradle/wrapper/dists/gradle-4.10.2.LIFERAY-PATCHED-3-bin/e7wcqe1ype7bnmhrlgjopgpge/gradle-4.10.2/lib/native-platform-linux-amd64-ncurses6-0.14.jar
7fa87c002000-7fa87c003000 r--s 00001000 08:01 16921117                   /opt/git/liferay-portal/.gradle/wrapper/dists/gradle-4.10.2.LIFERAY-PATCHED-3-bin/e7wcqe1ype7bnmhrlgjopgpge/gradle-4.10.2/lib/native-platform-linux-i386-ncurses5-0.14.jar
7fa87c003000-7fa87c007000 r--s 00012000 08:01 16921108                   /opt/git/liferay-portal/.gradle/wrapper/dists/gradle-4.10.2.LIFERAY-PATCHED-3-bin/e7wcqe1ype7bnmhrlgjopgpge/gradle-4.10.2/lib/native-platform-0.14.jar
7fa87c007000-7fa87c00a000 r--s 00023000 08:01 16921091                   /opt/git/liferay-portal/.gradle/wrapper/dists/gradle-4.10.2.LIFERAY-PATCHED-3-bin/e7wcqe1ype7bnmhrlgjopgpge/gradle-4.10.2/lib/jansi-1.14.jar
7fa87c00a000-7fa87c00e000 r--s 0000c000 08:01 16921082                   /opt/git/liferay-portal/.gradle/wrapper/dists/gradle-4.10.2.LIFERAY-PATCHED-3-bin/e7wcqe1ype7bnmhrlgjopgpge/gradle-4.10.2/lib/gradle-native-4.10.2.jar
7fa87c00e000-7fa87c010000 r--s 0000f000 08:01 16932416                   /opt/git/liferay-portal/.gradle/wrapper/dists/gradle-4.10.2.LIFERAY-PATCHED-3-bin/e7wcqe1ype7bnmhrlgjopgpge/gradle-4.10.2/lib/reflectasm-1.07-shaded.jar
7fa87c010000-7fa87c012000 r--s 00000000 08:01 16921107                   /opt/git/liferay-portal/.gradle/wrapper/dists/gradle-4.10.2.LIFERAY-PATCHED-3-bin/e7wcqe1ype7bnmhrlgjopgpge/gradle-4.10.2/lib/minlog-1.2.jar
7fa87c012000-7fa87c019000 r--s 0002d000 08:01 16921079                   /opt/git/liferay-portal/.gradle/wrapper/dists/gradle-4.10.2.LIFERAY-PATCHED-3-bin/e7wcqe1ype7bnmhrlgjopgpge/gradle-4.10.2/lib/gradle-messaging-4.10.2.jar
7fa87c019000-7fa87c038000 r--s 001d9000 08:01 16921051                   /opt/git/liferay-portal/.gradle/wrapper/dists/gradle-4.10.2.LIFERAY-PATCHED-3-bin/e7wcqe1ype7bnmhrlgjopgpge/gradle-4.10.2/lib/ant-1.9.11.jar
7fa87c038000-7fa87c045000 r--s 00037000 08:01 16921069                   /opt/git/liferay-portal/.gradle/wrapper/dists/gradle-4.10.2.LIFERAY-PATCHED-3-bin/e7wcqe1ype7bnmhrlgjopgpge/gradle-4.10.2/lib/gradle-core-api-4.10.2.jar
7fa87c045000-7fa87c1d7000 rw-p 00000000 00:00 0 
7fa87c1d7000-7fa87c3b1000 r--s 03d6c000 08:01 8129965                    /opt/java/jdk1.8.0_191/jre/lib/rt.jar
7fa87c3b1000-7fa880648000 rw-p 00000000 00:00 0 
7fa880648000-7fa88085c000 ---p 00000000 00:00 0 
7fa88085c000-7fa8808e0000 rw-p 00000000 00:00 0 
7fa8808e0000-7fa880af3000 ---p 00000000 00:00 0 
7fa880af3000-7fa880c3f000 rw-p 00000000 00:00 0 
7fa880c3f000-7fa880cc1000 rw-p 00000000 00:00 0 
7fa880cc1000-7fa881000000 ---p 00000000 00:00 0 
7fa881000000-7fa883030000 rwxp 00000000 00:00 0 
7fa883030000-7fa890000000 ---p 00000000 00:00 0 
7fa890000000-7fa892331000 rw-p 00000000 00:00 0 
7fa892331000-7fa894000000 ---p 00000000 00:00 0 
7fa894000000-7fa894002000 r--s 00007000 08:01 16921123                   /opt/git/liferay-portal/.gradle/wrapper/dists/gradle-4.10.2.LIFERAY-PATCHED-3-bin/e7wcqe1ype7bnmhrlgjopgpge/gradle-4.10.2/lib/objenesis-1.2.jar
7fa894002000-7fa894006000 r--s 00026000 08:01 16921105                   /opt/git/liferay-portal/.gradle/wrapper/dists/gradle-4.10.2.LIFERAY-PATCHED-3-bin/e7wcqe1ype7bnmhrlgjopgpge/gradle-4.10.2/lib/kryo-2.20.jar
7fa894006000-7fa894008000 r--s 00006000 08:01 16921084                   /opt/git/liferay-portal/.gradle/wrapper/dists/gradle-4.10.2.LIFERAY-PATCHED-3-bin/e7wcqe1ype7bnmhrlgjopgpge/gradle-4.10.2/lib/gradle-process-services-4.10.2.jar
7fa894008000-7fa89400a000 r--s 00000000 08:01 16921072                   /opt/git/liferay-portal/.gradle/wrapper/dists/gradle-4.10.2.LIFERAY-PATCHED-3-bin/e7wcqe1ype7bnmhrlgjopgpge/gradle-4.10.2/lib/gradle-jvm-services-4.10.2.jar
7fa89400a000-7fa89400c000 r--s 00006000 08:01 16921095                   /opt/git/liferay-portal/.gradle/wrapper/dists/gradle-4.10.2.LIFERAY-PATCHED-3-bin/e7wcqe1ype7bnmhrlgjopgpge/gradle-4.10.2/lib/jsr305-2.0.1.jar
7fa89400c000-7fa894018000 r--s 00064000 08:01 16921063                   /opt/git/liferay-portal/.gradle/wrapper/dists/gradle-4.10.2.LIFERAY-PATCHED-3-bin/e7wcqe1ype7bnmhrlgjopgpge/gradle-4.10.2/lib/gradle-base-services-4.10.2.jar
7fa894018000-7fa89408e000 rw-p 00000000 00:00 0 
7fa89408e000-7fa89408f000 ---p 00000000 00:00 0 
7fa89408f000-7fa89418f000 rw-p 00000000 00:00 0 
7fa89418f000-7fa894190000 ---p 00000000 00:00 0 
7fa894190000-7fa894290000 rw-p 00000000 00:00 0 
7fa894290000-7fa8942aa000 r-xp 00000000 08:01 8257774                    /opt/java/jdk1.8.0_191/jre/lib/amd64/libzip.so
7fa8942aa000-7fa8944aa000 ---p 0001a000 08:01 8257774                    /opt/java/jdk1.8.0_191/jre/lib/amd64/libzip.so
7fa8944aa000-7fa8944ab000 r--p 0001a000 08:01 8257774                    /opt/java/jdk1.8.0_191/jre/lib/amd64/libzip.so
7fa8944ab000-7fa8944ac000 rw-p 0001b000 08:01 8257774                    /opt/java/jdk1.8.0_191/jre/lib/amd64/libzip.so
7fa8944ac000-7fa8944b7000 r-xp 00000000 08:01 13112055                   /lib/x86_64-linux-gnu/libnss_files-2.27.so
7fa8944b7000-7fa8946b6000 ---p 0000b000 08:01 13112055                   /lib/x86_64-linux-gnu/libnss_files-2.27.so
7fa8946b6000-7fa8946b7000 r--p 0000a000 08:01 13112055                   /lib/x86_64-linux-gnu/libnss_files-2.27.so
7fa8946b7000-7fa8946b8000 rw-p 0000b000 08:01 13112055                   /lib/x86_64-linux-gnu/libnss_files-2.27.so
7fa8946b8000-7fa8946be000 rw-p 00000000 00:00 0 
7fa8946be000-7fa8946d5000 r-xp 00000000 08:01 13112049                   /lib/x86_64-linux-gnu/libnsl-2.27.so
7fa8946d5000-7fa8948d4000 ---p 00017000 08:01 13112049                   /lib/x86_64-linux-gnu/libnsl-2.27.so
7fa8948d4000-7fa8948d5000 r--p 00016000 08:01 13112049                   /lib/x86_64-linux-gnu/libnsl-2.27.so
7fa8948d5000-7fa8948d6000 rw-p 00017000 08:01 13112049                   /lib/x86_64-linux-gnu/libnsl-2.27.so
7fa8948d6000-7fa8948d8000 rw-p 00000000 00:00 0 
7fa8948d8000-7fa8948e3000 r-xp 00000000 08:01 13112066                   /lib/x86_64-linux-gnu/libnss_nis-2.27.so
7fa8948e3000-7fa894ae2000 ---p 0000b000 08:01 13112066                   /lib/x86_64-linux-gnu/libnss_nis-2.27.so
7fa894ae2000-7fa894ae3000 r--p 0000a000 08:01 13112066                   /lib/x86_64-linux-gnu/libnss_nis-2.27.so
7fa894ae3000-7fa894ae4000 rw-p 0000b000 08:01 13112066                   /lib/x86_64-linux-gnu/libnss_nis-2.27.so
7fa894ae4000-7fa894aec000 r-xp 00000000 08:01 13112051                   /lib/x86_64-linux-gnu/libnss_compat-2.27.so
7fa894aec000-7fa894cec000 ---p 00008000 08:01 13112051                   /lib/x86_64-linux-gnu/libnss_compat-2.27.so
7fa894cec000-7fa894ced000 r--p 00008000 08:01 13112051                   /lib/x86_64-linux-gnu/libnss_compat-2.27.so
7fa894ced000-7fa894cee000 rw-p 00009000 08:01 13112051                   /lib/x86_64-linux-gnu/libnss_compat-2.27.so
7fa894cee000-7fa894d1b000 r-xp 00000000 08:01 8257768                    /opt/java/jdk1.8.0_191/jre/lib/amd64/libjava.so
7fa894d1b000-7fa894f1a000 ---p 0002d000 08:01 8257768                    /opt/java/jdk1.8.0_191/jre/lib/amd64/libjava.so
7fa894f1a000-7fa894f1b000 r--p 0002c000 08:01 8257768                    /opt/java/jdk1.8.0_191/jre/lib/amd64/libjava.so
7fa894f1b000-7fa894f1d000 rw-p 0002d000 08:01 8257768                    /opt/java/jdk1.8.0_191/jre/lib/amd64/libjava.so
7fa894f1d000-7fa894f2a000 r-xp 00000000 08:01 8257773                    /opt/java/jdk1.8.0_191/jre/lib/amd64/libverify.so
7fa894f2a000-7fa895129000 ---p 0000d000 08:01 8257773                    /opt/java/jdk1.8.0_191/jre/lib/amd64/libverify.so
7fa895129000-7fa89512b000 r--p 0000c000 08:01 8257773                    /opt/java/jdk1.8.0_191/jre/lib/amd64/libverify.so
7fa89512b000-7fa89512c000 rw-p 0000e000 08:01 8257773                    /opt/java/jdk1.8.0_191/jre/lib/amd64/libverify.so
7fa89512c000-7fa895133000 r-xp 00000000 08:01 13112106                   /lib/x86_64-linux-gnu/librt-2.27.so
7fa895133000-7fa895332000 ---p 00007000 08:01 13112106                   /lib/x86_64-linux-gnu/librt-2.27.so
7fa895332000-7fa895333000 r--p 00006000 08:01 13112106                   /lib/x86_64-linux-gnu/librt-2.27.so
7fa895333000-7fa895334000 rw-p 00007000 08:01 13112106                   /lib/x86_64-linux-gnu/librt-2.27.so
7fa895334000-7fa8954d1000 r-xp 00000000 08:01 13112028                   /lib/x86_64-linux-gnu/libm-2.27.so
7fa8954d1000-7fa8956d0000 ---p 0019d000 08:01 13112028                   /lib/x86_64-linux-gnu/libm-2.27.so
7fa8956d0000-7fa8956d1000 r--p 0019c000 08:01 13112028                   /lib/x86_64-linux-gnu/libm-2.27.so
7fa8956d1000-7fa8956d2000 rw-p 0019d000 08:01 13112028                   /lib/x86_64-linux-gnu/libm-2.27.so
7fa8956d2000-7fa8963b4000 r-xp 00000000 08:01 8257750                    /opt/java/jdk1.8.0_191/jre/lib/amd64/server/libjvm.so
7fa8963b4000-7fa8965b4000 ---p 00ce2000 08:01 8257750                    /opt/java/jdk1.8.0_191/jre/lib/amd64/server/libjvm.so
7fa8965b4000-7fa89664a000 r--p 00ce2000 08:01 8257750                    /opt/java/jdk1.8.0_191/jre/lib/amd64/server/libjvm.so
7fa89664a000-7fa89667b000 rw-p 00d78000 08:01 8257750                    /opt/java/jdk1.8.0_191/jre/lib/amd64/server/libjvm.so
7fa89667b000-7fa8966b6000 rw-p 00000000 00:00 0 
7fa8966b6000-7fa89689d000 r-xp 00000000 08:01 13111965                   /lib/x86_64-linux-gnu/libc-2.27.so
7fa89689d000-7fa896a9d000 ---p 001e7000 08:01 13111965                   /lib/x86_64-linux-gnu/libc-2.27.so
7fa896a9d000-7fa896aa1000 r--p 001e7000 08:01 13111965                   /lib/x86_64-linux-gnu/libc-2.27.so
7fa896aa1000-7fa896aa3000 rw-p 001eb000 08:01 13111965                   /lib/x86_64-linux-gnu/libc-2.27.so
7fa896aa3000-7fa896aa7000 rw-p 00000000 00:00 0 
7fa896aa7000-7fa896aaa000 r-xp 00000000 08:01 13111988                   /lib/x86_64-linux-gnu/libdl-2.27.so
7fa896aaa000-7fa896ca9000 ---p 00003000 08:01 13111988                   /lib/x86_64-linux-gnu/libdl-2.27.so
7fa896ca9000-7fa896caa000 r--p 00002000 08:01 13111988                   /lib/x86_64-linux-gnu/libdl-2.27.so
7fa896caa000-7fa896cab000 rw-p 00003000 08:01 13111988                   /lib/x86_64-linux-gnu/libdl-2.27.so
7fa896cab000-7fa896cc2000 r-xp 00000000 08:01 8129859                    /opt/java/jdk1.8.0_191/lib/amd64/jli/libjli.so
7fa896cc2000-7fa896ec1000 ---p 00017000 08:01 8129859                    /opt/java/jdk1.8.0_191/lib/amd64/jli/libjli.so
7fa896ec1000-7fa896ec2000 r--p 00016000 08:01 8129859                    /opt/java/jdk1.8.0_191/lib/amd64/jli/libjli.so
7fa896ec2000-7fa896ec3000 rw-p 00017000 08:01 8129859                    /opt/java/jdk1.8.0_191/lib/amd64/jli/libjli.so
7fa896ec3000-7fa896edd000 r-xp 00000000 08:01 13112098                   /lib/x86_64-linux-gnu/libpthread-2.27.so
7fa896edd000-7fa8970dc000 ---p 0001a000 08:01 13112098                   /lib/x86_64-linux-gnu/libpthread-2.27.so
7fa8970dc000-7fa8970dd000 r--p 00019000 08:01 13112098                   /lib/x86_64-linux-gnu/libpthread-2.27.so
7fa8970dd000-7fa8970de000 rw-p 0001a000 08:01 13112098                   /lib/x86_64-linux-gnu/libpthread-2.27.so
7fa8970de000-7fa8970e2000 rw-p 00000000 00:00 0 
7fa8970e2000-7fa897109000 r-xp 00000000 08:01 13111937                   /lib/x86_64-linux-gnu/ld-2.27.so
7fa897109000-7fa89710a000 r--s 00001000 08:01 16921118                   /opt/git/liferay-portal/.gradle/wrapper/dists/gradle-4.10.2.LIFERAY-PATCHED-3-bin/e7wcqe1ype7bnmhrlgjopgpge/gradle-4.10.2/lib/native-platform-linux-i386-ncurses6-0.14.jar
7fa89710a000-7fa89710d000 r--s 0001a000 08:01 16921061                   /opt/git/liferay-portal/.gradle/wrapper/dists/gradle-4.10.2.LIFERAY-PATCHED-3-bin/e7wcqe1ype7bnmhrlgjopgpge/gradle-4.10.2/lib/fastutil-7.2.1-min.jar
7fa89710d000-7fa897111000 r--s 0002a000 08:01 16921059                   /opt/git/liferay-portal/.gradle/wrapper/dists/gradle-4.10.2.LIFERAY-PATCHED-3-bin/e7wcqe1ype7bnmhrlgjopgpge/gradle-4.10.2/lib/commons-io-2.4.jar
7fa897111000-7fa89711e000 r--s 00068000 08:01 16921077                   /opt/git/liferay-portal/.gradle/wrapper/dists/gradle-4.10.2.LIFERAY-PATCHED-3-bin/e7wcqe1ype7bnmhrlgjopgpge/gradle-4.10.2/lib/gradle-launcher-4.10.2.jar
7fa89711e000-7fa8971e9000 rw-p 00000000 00:00 0 
7fa8971e9000-7fa8971ea000 ---p 00000000 00:00 0 
7fa8971ea000-7fa8971ed000 ---p 00000000 00:00 0 
7fa8971ed000-7fa8972ee000 rw-p 00000000 00:00 0 
7fa8972ee000-7fa8972ef000 r--s 00000000 08:01 16921093                   /opt/git/liferay-portal/.gradle/wrapper/dists/gradle-4.10.2.LIFERAY-PATCHED-3-bin/e7wcqe1ype7bnmhrlgjopgpge/gradle-4.10.2/lib/jcip-annotations-1.0.jar
7fa8972ef000-7fa8972f1000 r--s 0001a000 08:01 16921053                   /opt/git/liferay-portal/.gradle/wrapper/dists/gradle-4.10.2.LIFERAY-PATCHED-3-bin/e7wcqe1ype7bnmhrlgjopgpge/gradle-4.10.2/lib/asm-6.2.jar
7fa8972f1000-7fa8972f2000 r--s 00009000 08:01 16932418                   /opt/git/liferay-portal/.gradle/wrapper/dists/gradle-4.10.2.LIFERAY-PATCHED-3-bin/e7wcqe1ype7bnmhrlgjopgpge/gradle-4.10.2/lib/slf4j-api-1.7.16.jar
7fa8972f2000-7fa8972f7000 r--s 00041000 08:01 16921060                   /opt/git/liferay-portal/.gradle/wrapper/dists/gradle-4.10.2.LIFERAY-PATCHED-3-bin/e7wcqe1ype7bnmhrlgjopgpge/gradle-4.10.2/lib/commons-lang-2.6.jar
7fa8972f7000-7fa8972f8000 r--s 00004000 08:01 16921052                   /opt/git/liferay-portal/.gradle/wrapper/dists/gradle-4.10.2.LIFERAY-PATCHED-3-bin/e7wcqe1ype7bnmhrlgjopgpge/gradle-4.10.2/lib/ant-launcher-1.9.11.jar
7fa8972f8000-7fa8972fd000 r--s 000a0000 08:01 8129970                    /opt/java/jdk1.8.0_191/jre/lib/jsse.jar
7fa8972fd000-7fa8972ff000 r--s 0000c000 08:01 14290725                   /opt/git/liferay-portal/gradle/wrapper/gradle-wrapper.jar
7fa8972ff000-7fa897307000 rw-s 00000000 08:01 13505832                   /tmp/hsperfdata_liferay/7992
7fa897307000-7fa897308000 rw-p 00000000 00:00 0 
7fa897308000-7fa897309000 ---p 00000000 00:00 0 
7fa897309000-7fa89730a000 r--p 00027000 08:01 13111937                   /lib/x86_64-linux-gnu/ld-2.27.so
7fa89730a000-7fa89730b000 rw-p 00028000 08:01 13111937                   /lib/x86_64-linux-gnu/ld-2.27.so
7fa89730b000-7fa89730c000 rw-p 00000000 00:00 0 
7ffc40e94000-7ffc40eb5000 rw-p 00000000 00:00 0                          [stack]
7ffc40f97000-7ffc40f9a000 r--p 00000000 00:00 0                          [vvar]
7ffc40f9a000-7ffc40f9c000 r-xp 00000000 00:00 0                          [vdso]
ffffffffff600000-ffffffffff601000 r-xp 00000000 00:00 0                  [vsyscall]

VM Arguments:
jvm_args: -Dgradle.user.home=/opt/git/liferay-portal/.gradle -Dorg.gradle.appname=gradlew 
java_command: org.gradle.wrapper.GradleWrapperMain --init-script=/opt/git/liferay-portal/modules/init.gradle clean build
java_class_path (initial): /opt/git/liferay-portal/gradle/wrapper/gradle-wrapper.jar
Launcher Type: SUN_STANDARD

Environment Variables:
JAVA_HOME=/opt/java/jdk1.8.0_191
PATH=/opt/java/jdk1.8.0_191/bin:/usr/local/sbin:/usr/local/bin:/usr/sbin:/usr/bin:/sbin:/bin:/usr/games:/usr/local/games:/snap/bin:/home/liferay/.npm-packages/bin:/home/liferay/jpm/bin
SHELL=/bin/bash
DISPLAY=:0.0

Signal Handlers:
SIGSEGV: [libjvm.so+0xaced60], sa_mask[0]=11111111011111111101111111111110, sa_flags=SA_RESTART|SA_SIGINFO
SIGBUS: [libjvm.so+0xaced60], sa_mask[0]=11111111011111111101111111111110, sa_flags=SA_RESTART|SA_SIGINFO
SIGFPE: [libjvm.so+0x907ca0], sa_mask[0]=11111111011111111101111111111110, sa_flags=SA_RESTART|SA_SIGINFO
SIGPIPE: [libjvm.so+0x907ca0], sa_mask[0]=11111111011111111101111111111110, sa_flags=SA_RESTART|SA_SIGINFO
SIGXFSZ: [libjvm.so+0x907ca0], sa_mask[0]=11111111011111111101111111111110, sa_flags=SA_RESTART|SA_SIGINFO
SIGILL: [libjvm.so+0x907ca0], sa_mask[0]=11111111011111111101111111111110, sa_flags=SA_RESTART|SA_SIGINFO
SIGUSR1: SIG_DFL, sa_mask[0]=00000000000000000000000000000000, sa_flags=none
SIGUSR2: [libjvm.so+0x907b70], sa_mask[0]=00000000000000000000000000000000, sa_flags=SA_RESTART|SA_SIGINFO
SIGHUP: [libjvm.so+0x908190], sa_mask[0]=11111111011111111101111111111110, sa_flags=SA_RESTART|SA_SIGINFO
SIGINT: [libjvm.so+0x908190], sa_mask[0]=11111111011111111101111111111110, sa_flags=SA_RESTART|SA_SIGINFO
SIGTERM: [libjvm.so+0x908190], sa_mask[0]=11111111011111111101111111111110, sa_flags=SA_RESTART|SA_SIGINFO
SIGQUIT: [libjvm.so+0x908190], sa_mask[0]=11111111011111111101111111111110, sa_flags=SA_RESTART|SA_SIGINFO


---------------  S Y S T E M  ---------------

OS:DISTRIB_ID=Ubuntu
DISTRIB_RELEASE=18.04
DISTRIB_CODENAME=bionic
DISTRIB_DESCRIPTION="Ubuntu 18.04.2 LTS"

uname:Linux 4.15.0-64-generic #73-Ubuntu SMP Thu Sep 12 13:16:13 UTC 2019 x86_64
libc:glibc 2.27 NPTL 2.27 
rlimit: STACK 8192k, CORE 0k, NPROC 31573, NOFILE 1048576, AS infinity
load average:1,76 0,90 3,71

/proc/meminfo:
MemTotal:        8144560 kB
MemFree:          120128 kB
MemAvailable:      45904 kB
Buffers:            2540 kB
Cached:            72520 kB
SwapCached:         5144 kB
Active:          6565132 kB
Inactive:        1019224 kB
Active(anon):    6552224 kB
Inactive(anon):   995960 kB
Active(file):      12908 kB
Inactive(file):    23264 kB
Unevictable:          64 kB
Mlocked:              64 kB
SwapTotal:       2097148 kB
SwapFree:              0 kB
Dirty:               188 kB
Writeback:             0 kB
AnonPages:       7504528 kB
Mapped:            63548 kB
Shmem:             38732 kB
Slab:             221548 kB
SReclaimable:      88908 kB
SUnreclaim:       132640 kB
KernelStack:       29728 kB
PageTables:        55872 kB
NFS_Unstable:          0 kB
Bounce:                0 kB
WritebackTmp:          0 kB
CommitLimit:     6169428 kB
Committed_AS:   13737040 kB
VmallocTotal:   34359738367 kB
VmallocUsed:           0 kB
VmallocChunk:          0 kB
HardwareCorrupted:     0 kB
AnonHugePages:         0 kB
ShmemHugePages:        0 kB
ShmemPmdMapped:        0 kB
CmaTotal:              0 kB
CmaFree:               0 kB
HugePages_Total:       0
HugePages_Free:        0
HugePages_Rsvd:        0
HugePages_Surp:        0
Hugepagesize:       2048 kB
DirectMap4k:      401216 kB
DirectMap2M:     7987200 kB
DirectMap1G:     2097152 kB

container (cgroup) information:
container_type: cgroupv1
cpu_cpuset_cpus: 0-1
cpu_memory_nodes: 0
active_processor_count: 2
cpu_quota: -1
cpu_period: 100000
cpu_shares: -1
memory_limit_in_bytes: -1
memory_and_swap_limit_in_bytes: -2
memory_soft_limit_in_bytes: -1
memory_usage_in_bytes: 7703937024
memory_max_usage_in_bytes: 7723995136


CPU:total 2 (initial active 2) (1 cores per cpu, 1 threads per core) family 6 model 70 stepping 1, cmov, cx8, fxsr, mmx, sse, sse2, sse3, ssse3, sse4.1, sse4.2, popcnt, avx, avx2, aes, clmul, erms, lzcnt, tsc, tscinvbit, bmi1, bmi2

/proc/cpuinfo:
processor	: 0
vendor_id	: GenuineIntel
cpu family	: 6
model		: 70
model name	: Intel(R) Core(TM) i7-4870HQ CPU @ 2.50GHz
stepping	: 1
microcode	: 0x1b
cpu MHz		: 2494.367
cache size	: 6144 KB
physical id	: 0
siblings	: 1
core id		: 0
cpu cores	: 1
apicid		: 0
initial apicid	: 0
fpu		: yes
fpu_exception	: yes
cpuid level	: 13
wp		: yes
flags		: fpu vme de pse tsc msr pae mce cx8 apic sep mtrr pge mca cmov pat pse36 clflush mmx fxsr sse sse2 ss syscall nx pdpe1gb rdtscp lm constant_tsc arch_perfmon nopl xtopology tsc_reliable nonstop_tsc cpuid pni pclmulqdq ssse3 fma cx16 pcid sse4_1 sse4_2 x2apic movbe popcnt tsc_deadline_timer aes xsave avx f16c rdrand hypervisor lahf_lm abm cpuid_fault invpcid_single pti ssbd ibrs ibpb stibp fsgsbase tsc_adjust bmi1 avx2 smep bmi2 invpcid xsaveopt arat md_clear flush_l1d arch_capabilities
bugs		: cpu_meltdown spectre_v1 spectre_v2 spec_store_bypass l1tf mds swapgs
bogomips	: 4988.73
clflush size	: 64
cache_alignment	: 64
address sizes	: 43 bits physical, 48 bits virtual
power management:

processor	: 1
vendor_id	: GenuineIntel
cpu family	: 6
model		: 70
model name	: Intel(R) Core(TM) i7-4870HQ CPU @ 2.50GHz
stepping	: 1
microcode	: 0x1b
cpu MHz		: 2494.367
cache size	: 6144 KB
physical id	: 2
siblings	: 1
core id		: 0
cpu cores	: 1
apicid		: 2
initial apicid	: 2
fpu		: yes
fpu_exception	: yes
cpuid level	: 13
wp		: yes
flags		: fpu vme de pse tsc msr pae mce cx8 apic sep mtrr pge mca cmov pat pse36 clflush mmx fxsr sse sse2 ss syscall nx pdpe1gb rdtscp lm constant_tsc arch_perfmon nopl xtopology tsc_reliable nonstop_tsc cpuid pni pclmulqdq ssse3 fma cx16 pcid sse4_1 sse4_2 x2apic movbe popcnt tsc_deadline_timer aes xsave avx f16c rdrand hypervisor lahf_lm abm cpuid_fault invpcid_single pti ssbd ibrs ibpb stibp fsgsbase tsc_adjust bmi1 avx2 smep bmi2 invpcid xsaveopt arat md_clear flush_l1d arch_capabilities
bugs		: cpu_meltdown spectre_v1 spectre_v2 spec_store_bypass l1tf mds swapgs
bogomips	: 4988.73
clflush size	: 64
cache_alignment	: 64
address sizes	: 43 bits physical, 48 bits virtual
power management:



Memory: 4k page, physical 8144560k(120004k free), swap 2097148k(0k free)

vm_info: Java HotSpot(TM) 64-Bit Server VM (25.191-b12) for linux-amd64 JRE (1.8.0_191-b12), built on Oct  6 2018 05:43:09 by "java_re" with gcc 7.3.0

time: Tue Oct  8 02:58:58 2019
elapsed time: 37 seconds (0d 0h 0m 37s)

