#
# There is insufficient memory for the Java Runtime Environment to continue.
# Native memory allocation (mmap) failed to map 186646528 bytes for committing reserved memory.
# Possible reasons:
#   The system is out of physical RAM or swap space
#   In 32 bit mode, the process size limit was hit
# Possible solutions:
#   Reduce memory load on the system
#   Increase physical memory or swap space
#   Check if swap backing store is full
#   Use 64 bit Java on a 64 bit OS
#   Decrease Java heap size (-Xmx/-Xms)
#   Decrease number of Java threads
#   Decrease Java thread stack sizes (-Xss)
#   Set larger code cache with -XX:ReservedCodeCacheSize=
# This output file may be truncated or incomplete.
#
#  Out of Memory Error (os_linux.cpp:2743), pid=25398, tid=0x00007f65028f3700
#
# JRE version: Java(TM) SE Runtime Environment (8.0_191-b12) (build 1.8.0_191-b12)
# Java VM: Java HotSpot(TM) 64-Bit Server VM (25.191-b12 mixed mode linux-amd64 compressed oops)
# Failed to write core dump. Core dumps have been disabled. To enable core dumping, try "ulimit -c unlimited" before starting Java again
#

---------------  T H R E A D  ---------------

Current thread (0x00007f6518075800):  VMThread [stack: 0x00007f65027f4000,0x00007f65028f4000] [id=25414]

Stack: [0x00007f65027f4000,0x00007f65028f4000],  sp=0x00007f65028f2410,  free space=1017k
Native frames: (J=compiled Java code, j=interpreted, Vv=VM code, C=native code)
V  [libjvm.so+0xace425]  VMError::report_and_die()+0x2c5
V  [libjvm.so+0x4deb77]  report_vm_out_of_memory(char const*, int, unsigned long, VMErrorType, char const*)+0x67
V  [libjvm.so+0x90c570]  os::pd_commit_memory(char*, unsigned long, unsigned long, bool)+0x100
V  [libjvm.so+0x903eaf]  os::commit_memory(char*, unsigned long, unsigned long, bool)+0x1f
V  [libjvm.so+0x988346]  PSVirtualSpace::expand_by(unsigned long)+0x56
V  [libjvm.so+0x97768b]  PSOldGen::expand_by(unsigned long) [clone .part.28]+0x1b
V  [libjvm.so+0x977848]  PSOldGen::expand(unsigned long) [clone .part.29]+0xa8
V  [libjvm.so+0x9783f1]  PSOldGen::resize(unsigned long)+0xe1
V  [libjvm.so+0x97e506]  PSParallelCompact::invoke_no_policy(bool) [clone .part.118]+0xa06
V  [libjvm.so+0x9862d5]  PSScavenge::invoke()+0x215
V  [libjvm.so+0x935fb8]  ParallelScavengeHeap::failed_mem_allocate(unsigned long)+0x68
V  [libjvm.so+0xacff53]  VM_ParallelGCFailedAllocation::doit()+0x93
V  [libjvm.so+0xad50f6]  VM_Operation::evaluate()+0x46
V  [libjvm.so+0xad347d]  VMThread::evaluate_operation(VM_Operation*) [clone .constprop.44]+0xcd
V  [libjvm.so+0xad3a3b]  VMThread::loop()+0x37b
V  [libjvm.so+0xad3de8]  VMThread::run()+0x78
V  [libjvm.so+0x909c92]  java_start(Thread*)+0x102

VM_Operation (0x00007f64c1b91e20): ParallelGCFailedAllocation, mode: safepoint, requested by thread 0x00007f6518bc4000


---------------  P R O C E S S  ---------------

Java Threads: ( => current thread )
  0x00007f64e8063800 JavaThread "Cache worker for Java compile cache (/opt/git/liferay-portal/modules/.gradle/4.10.2/javaCompile)" [_thread_blocked, id=25442, stack(0x00007f64c1494000,0x00007f64c1595000)]
  0x00007f64e805e000 JavaThread "Cache worker for Java compile cache (/opt/git/liferay-portal/.gradle/caches/4.10.2/javaCompile)" [_thread_blocked, id=25441, stack(0x00007f64c1595000,0x00007f64c1696000)]
  0x00007f64e8015800 JavaThread "Cache worker for Build Output Cleanup Cache (/opt/git/liferay-portal/modules/.gradle/buildOutputCleanup)" [_thread_blocked, id=25440, stack(0x00007f64c1896000,0x00007f64c1997000)]
  0x00007f64e8013800 JavaThread "Cache worker for task history cache (/opt/git/liferay-portal/modules/.gradle/4.10.2/taskHistory)" [_thread_blocked, id=25439, stack(0x00007f64c1997000,0x00007f64c1a98000)]
  0x00007f6518bc4000 JavaThread "Task worker for ':'" [_thread_blocked, id=25438, stack(0x00007f64c1a98000,0x00007f64c1b99000)]
  0x00007f651a1d9000 JavaThread "Cache worker for file content cache (/opt/git/liferay-portal/modules/.gradle/4.10.2/fileContent)" [_thread_blocked, id=25437, stack(0x00007f64c1d99000,0x00007f64c1e9a000)]
  0x00007f651a1d7000 JavaThread "Cache worker for file content cache (/opt/git/liferay-portal/.gradle/caches/4.10.2/fileContent)" [_thread_blocked, id=25436, stack(0x00007f64c1e9a000,0x00007f64c1f9b000)]
  0x00007f651a1ce000 JavaThread "Memory manager" [_thread_blocked, id=25435, stack(0x00007f64c1f9b000,0x00007f64c209c000)]
  0x00007f6519d4f800 JavaThread "Build operations Thread 2" [_thread_blocked, id=25431, stack(0x00007f64c2f74000,0x00007f64c3075000)]
  0x00007f6519d4d000 JavaThread "Build operations" [_thread_blocked, id=25430, stack(0x00007f64c3075000,0x00007f64c3176000)]
  0x00007f6519b35800 JavaThread "Cache worker for Artifact transforms cache (/opt/git/liferay-portal/.gradle/caches/transforms-1)" [_thread_blocked, id=25429, stack(0x00007f64c3376000,0x00007f64c3477000)]
  0x00007f6519b29800 JavaThread "Cache worker for cache directory md-rule (/opt/git/liferay-portal/.gradle/caches/4.10.2/md-rule)" [_thread_blocked, id=25428, stack(0x00007f64c3477000,0x00007f64c3578000)]
  0x00007f6519ae0000 JavaThread "Cache worker for cache directory md-supplier (/opt/git/liferay-portal/.gradle/caches/4.10.2/md-supplier)" [_thread_blocked, id=25427, stack(0x00007f64c3778000,0x00007f64c3879000)]
  0x00007f6519585000 JavaThread "Cache worker for journal cache (/opt/git/liferay-portal/.gradle/caches/journal-1)" [_thread_blocked, id=25426, stack(0x00007f64c3eff000,0x00007f64c4000000)]
  0x00007f6519438800 JavaThread "Cache worker for file hash cache (/opt/git/liferay-portal/modules/.gradle/4.10.2/fileHashes)" [_thread_blocked, id=25425, stack(0x00007f64f82e8000,0x00007f64f83e9000)]
  0x00007f65192e0800 JavaThread "File lock request listener" [_thread_in_native, id=25424, stack(0x00007f64f83e9000,0x00007f64f84ea000)]
  0x00007f6519263000 JavaThread "Cache worker for file hash cache (/opt/git/liferay-portal/.gradle/caches/4.10.2/fileHashes)" [_thread_blocked, id=25423, stack(0x00007f64f84ea000,0x00007f64f85eb000)]
  0x00007f6518710000 JavaThread "pool-1-thread-1" [_thread_blocked, id=25422, stack(0x00007f650010c000,0x00007f650020d000)]
  0x00007f65180bc800 JavaThread "Service Thread" daemon [_thread_blocked, id=25420, stack(0x00007f65016ed000,0x00007f65017ee000)]
  0x00007f65180ba000 JavaThread "C1 CompilerThread1" daemon [_thread_blocked, id=25419, stack(0x00007f65017ef000,0x00007f65018ef000)]
  0x00007f65180b7000 JavaThread "C2 CompilerThread0" daemon [_thread_blocked, id=25418, stack(0x00007f65018f0000,0x00007f65019f0000)]
  0x00007f65180b5800 JavaThread "Signal Dispatcher" daemon [_thread_blocked, id=25417, stack(0x00007f65019f0000,0x00007f6501af1000)]
  0x00007f6518081800 JavaThread "Finalizer" daemon [_thread_blocked, id=25416, stack(0x00007f65025f1000,0x00007f65026f2000)]
  0x00007f651807f000 JavaThread "Reference Handler" daemon [_thread_blocked, id=25415, stack(0x00007f65026f2000,0x00007f65027f3000)]
  0x00007f651800b000 JavaThread "main" [_thread_blocked, id=25411, stack(0x00007f651eaa1000,0x00007f651eba1000)]

Other Threads:
=>0x00007f6518075800 VMThread [stack: 0x00007f65027f4000,0x00007f65028f4000] [id=25414]
  0x00007f65180c2000 WatcherThread [stack: 0x00007f65015ed000,0x00007f65016ed000] [id=25421]

VM state:at safepoint (normal execution)

VM Mutex/Monitor currently owned by a thread:  ([mutex/lock_event])
[0x00007f6518007500] ExpandHeap_lock - owner thread: 0x00007f6518075800
[0x00007f6518007b80] Threads_lock - owner thread: 0x00007f6518075800
[0x00007f6518008080] Heap_lock - owner thread: 0x00007f6518bc4000

Heap:
 PSYoungGen      total 461312K, used 27429K [0x00000000d6900000, 0x0000000100000000, 0x0000000100000000)
  eden space 326656K, 0% used [0x00000000d6900000,0x00000000d6900000,0x00000000ea800000)
  from space 134656K, 20% used [0x00000000f7c80000,0x00000000f97494d0,0x0000000100000000)
  to   space 176128K, 0% used [0x00000000ea800000,0x00000000ea800000,0x00000000f5400000)
 ParOldGen       total 274432K, used 274025K [0x0000000083a00000, 0x0000000094600000, 0x00000000d6900000)
  object space 274432K, 99% used [0x0000000083a00000,0x000000009459a5e0,0x0000000094600000)
 Metaspace       used 56073K, capacity 57834K, committed 58112K, reserved 1099776K
  class space    used 7665K, capacity 8169K, committed 8192K, reserved 1048576K

Card table byte_map: [0x00007f6508214000,0x00007f65085f8000] byte_map_base: 0x00007f6507df7000

Marking Bits: (ParMarkBitMap*) 0x00007f651df4fd40
 Begin Bits: [0x00007f650404b000, 0x00007f6505f63000)
 End Bits:   [0x00007f6505f63000, 0x00007f6507e7b000)

Polling page: 0x00007f651ebbf000

CodeCache: size=245760Kb used=30825Kb max_used=31296Kb free=214935Kb
 bounds [0x00007f65089b8000, 0x00007f650a888000, 0x00007f65179b8000]
 total_blobs=10104 nmethods=9374 adapters=642
 compilation: enabled

Compilation events (10 events):
Event: 24,576 Thread 0x00007f65180ba000 11735       3       org.gradle.internal.logging.console.ThrottlingOutputEventListener::renderNow (60 bytes)
Event: 24,576 Thread 0x00007f65180ba000 nmethod 11735 0x00007f650a18c810 code [0x00007f650a18c9e0, 0x00007f650a18d0a8]
Event: 24,602 Thread 0x00007f65180b7000 11736   !   4       aQute.lib.io.IO::copy (133 bytes)
Event: 24,607 Thread 0x00007f65180b7000 nmethod 11736 0x00007f6509823210 code [0x00007f65098233a0, 0x00007f6509823658]
Event: 24,724 Thread 0x00007f65180b7000 11737       4       java.util.regex.Pattern$BitClass::isSatisfiedBy (22 bytes)
Event: 24,725 Thread 0x00007f65180b7000 nmethod 11737 0x00007f650a8481d0 code [0x00007f650a848320, 0x00007f650a8483d8]
Event: 24,728 Thread 0x00007f65180ba000 11738   !   3       java.util.Collections$CheckedCollection::checkedCopyOf (95 bytes)
Event: 24,729 Thread 0x00007f65180ba000 nmethod 11738 0x00007f650935be90 code [0x00007f650935c120, 0x00007f650935d378]
Event: 24,740 Thread 0x00007f65180ba000 11739       3       aQute.bnd.osgi.Clazz::constantFloat (34 bytes)
Event: 24,741 Thread 0x00007f65180ba000 nmethod 11739 0x00007f6509847590 code [0x00007f6509847740, 0x00007f6509847c08]

GC Heap History (10 events):
Event: 20,427 GC heap after
Heap after GC invocations=13 (full 2):
 PSYoungGen      total 367616K, used 67554K [0x00000000d6900000, 0x00000000f8e00000, 0x0000000100000000)
  eden space 300032K, 0% used [0x00000000d6900000,0x00000000d6900000,0x00000000e8e00000)
  from space 67584K, 99% used [0x00000000e8e00000,0x00000000ecff8b18,0x00000000ed000000)
  to   space 91648K, 0% used [0x00000000f3480000,0x00000000f3480000,0x00000000f8e00000)
 ParOldGen       total 162304K, used 138403K [0x0000000083a00000, 0x000000008d880000, 0x00000000d6900000)
  object space 162304K, 85% used [0x0000000083a00000,0x000000008c128f78,0x000000008d880000)
 Metaspace       used 55193K, capacity 56740K, committed 56832K, reserved 1097728K
  class space    used 7532K, capacity 7925K, committed 7936K, reserved 1048576K
}
Event: 20,427 GC heap before
{Heap before GC invocations=14 (full 3):
 PSYoungGen      total 367616K, used 67554K [0x00000000d6900000, 0x00000000f8e00000, 0x0000000100000000)
  eden space 300032K, 0% used [0x00000000d6900000,0x00000000d6900000,0x00000000e8e00000)
  from space 67584K, 99% used [0x00000000e8e00000,0x00000000ecff8b18,0x00000000ed000000)
  to   space 91648K, 0% used [0x00000000f3480000,0x00000000f3480000,0x00000000f8e00000)
 ParOldGen       total 162304K, used 138403K [0x0000000083a00000, 0x000000008d880000, 0x00000000d6900000)
  object space 162304K, 85% used [0x0000000083a00000,0x000000008c128f78,0x000000008d880000)
 Metaspace       used 55193K, capacity 56740K, committed 56832K, reserved 1097728K
  class space    used 7532K, capacity 7925K, committed 7936K, reserved 1048576K
Event: 21,098 GC heap after
Heap after GC invocations=14 (full 3):
 PSYoungGen      total 367616K, used 0K [0x00000000d6900000, 0x00000000f8e00000, 0x0000000100000000)
  eden space 300032K, 0% used [0x00000000d6900000,0x00000000d6900000,0x00000000e8e00000)
  from space 67584K, 0% used [0x00000000e8e00000,0x00000000e8e00000,0x00000000ed000000)
  to   space 91648K, 0% used [0x00000000f3480000,0x00000000f3480000,0x00000000f8e00000)
 ParOldGen       total 274432K, used 135484K [0x0000000083a00000, 0x0000000094600000, 0x00000000d6900000)
  object space 274432K, 49% used [0x0000000083a00000,0x000000008be4f0f8,0x0000000094600000)
 Metaspace       used 55178K, capacity 56722K, committed 56832K, reserved 1097728K
  class space    used 7531K, capacity 7923K, committed 7936K, reserved 1048576K
}
Event: 22,607 GC heap before
{Heap before GC invocations=15 (full 3):
 PSYoungGen      total 367616K, used 300032K [0x00000000d6900000, 0x00000000f8e00000, 0x0000000100000000)
  eden space 300032K, 100% used [0x00000000d6900000,0x00000000e8e00000,0x00000000e8e00000)
  from space 67584K, 0% used [0x00000000e8e00000,0x00000000e8e00000,0x00000000ed000000)
  to   space 91648K, 0% used [0x00000000f3480000,0x00000000f3480000,0x00000000f8e00000)
 ParOldGen       total 274432K, used 135484K [0x0000000083a00000, 0x0000000094600000, 0x00000000d6900000)
  object space 274432K, 49% used [0x0000000083a00000,0x000000008be4f0f8,0x0000000094600000)
 Metaspace       used 56046K, capacity 57834K, committed 58112K, reserved 1099776K
  class space    used 7664K, capacity 8169K, committed 8192K, reserved 1048576K
Event: 22,714 GC heap after
Heap after GC invocations=15 (full 3):
 PSYoungGen      total 460288K, used 77415K [0x00000000d6900000, 0x00000000fa400000, 0x0000000100000000)
  eden space 368640K, 0% used [0x00000000d6900000,0x00000000d6900000,0x00000000ed100000)
  from space 91648K, 84% used [0x00000000f3480000,0x00000000f8019c20,0x00000000f8e00000)
  to   space 101888K, 0% used [0x00000000ed100000,0x00000000ed100000,0x00000000f3480000)
 ParOldGen       total 274432K, used 135492K [0x0000000083a00000, 0x0000000094600000, 0x00000000d6900000)
  object space 274432K, 49% used [0x0000000083a00000,0x000000008be510f8,0x0000000094600000)
 Metaspace       used 56046K, capacity 57834K, committed 58112K, reserved 1099776K
  class space    used 7664K, capacity 8169K, committed 8192K, reserved 1048576K
}
Event: 23,677 GC heap before
{Heap before GC invocations=16 (full 3):
 PSYoungGen      total 460288K, used 446055K [0x00000000d6900000, 0x00000000fa400000, 0x0000000100000000)
  eden space 368640K, 100% used [0x00000000d6900000,0x00000000ed100000,0x00000000ed100000)
  from space 91648K, 84% used [0x00000000f3480000,0x00000000f8019c20,0x00000000f8e00000)
  to   space 101888K, 0% used [0x00000000ed100000,0x00000000ed100000,0x00000000f3480000)
 ParOldGen       total 274432K, used 135492K [0x0000000083a00000, 0x0000000094600000, 0x00000000d6900000)
  object space 274432K, 49% used [0x0000000083a00000,0x000000008be510f8,0x0000000094600000)
 Metaspace       used 56072K, capacity 57834K, committed 58112K, reserved 1099776K
  class space    used 7665K, capacity 8169K, committed 8192K, reserved 1048576K
Event: 23,887 GC heap after
Heap after GC invocations=16 (full 3):
 PSYoungGen      total 470528K, used 101856K [0x00000000d6900000, 0x0000000100000000, 0x0000000100000000)
  eden space 368640K, 0% used [0x00000000d6900000,0x00000000d6900000,0x00000000ed100000)
  from space 101888K, 99% used [0x00000000ed100000,0x00000000f3478120,0x00000000f3480000)
  to   space 134656K, 0% used [0x00000000f7c80000,0x00000000f7c80000,0x0000000100000000)
 ParOldGen       total 274432K, used 177412K [0x0000000083a00000, 0x0000000094600000, 0x00000000d6900000)
  object space 274432K, 64% used [0x0000000083a00000,0x000000008e741318,0x0000000094600000)
 Metaspace       used 56072K, capacity 57834K, committed 58112K, reserved 1099776K
  class space    used 7665K, capacity 8169K, committed 8192K, reserved 1048576K
}
Event: 24,746 GC heap before
{Heap before GC invocations=17 (full 3):
 PSYoungGen      total 470528K, used 470496K [0x00000000d6900000, 0x0000000100000000, 0x0000000100000000)
  eden space 368640K, 100% used [0x00000000d6900000,0x00000000ed100000,0x00000000ed100000)
  from space 101888K, 99% used [0x00000000ed100000,0x00000000f3478120,0x00000000f3480000)
  to   space 134656K, 0% used [0x00000000f7c80000,0x00000000f7c80000,0x0000000100000000)
 ParOldGen       total 274432K, used 177412K [0x0000000083a00000, 0x0000000094600000, 0x00000000d6900000)
  object space 274432K, 64% used [0x0000000083a00000,0x000000008e741318,0x0000000094600000)
 Metaspace       used 56073K, capacity 57834K, committed 58112K, reserved 1099776K
  class space    used 7665K, capacity 8169K, committed 8192K, reserved 1048576K
Event: 25,081 GC heap after
Heap after GC invocations=17 (full 3):
 PSYoungGen      total 461312K, used 134650K [0x00000000d6900000, 0x0000000100000000, 0x0000000100000000)
  eden space 326656K, 0% used [0x00000000d6900000,0x00000000d6900000,0x00000000ea800000)
  from space 134656K, 99% used [0x00000000f7c80000,0x00000000ffffe9f8,0x0000000100000000)
  to   space 176128K, 0% used [0x00000000ea800000,0x00000000ea800000,0x00000000f5400000)
 ParOldGen       total 274432K, used 226902K [0x0000000083a00000, 0x0000000094600000, 0x00000000d6900000)
  object space 274432K, 82% used [0x0000000083a00000,0x0000000091795b40,0x0000000094600000)
 Metaspace       used 56073K, capacity 57834K, committed 58112K, reserved 1099776K
  class space    used 7665K, capacity 8169K, committed 8192K, reserved 1048576K
}
Event: 25,081 GC heap before
{Heap before GC invocations=18 (full 4):
 PSYoungGen      total 461312K, used 134650K [0x00000000d6900000, 0x0000000100000000, 0x0000000100000000)
  eden space 326656K, 0% used [0x00000000d6900000,0x00000000d6900000,0x00000000ea800000)
  from space 134656K, 99% used [0x00000000f7c80000,0x00000000ffffe9f8,0x0000000100000000)
  to   space 176128K, 0% used [0x00000000ea800000,0x00000000ea800000,0x00000000f5400000)
 ParOldGen       total 274432K, used 226902K [0x0000000083a00000, 0x0000000094600000, 0x00000000d6900000)
  object space 274432K, 82% used [0x0000000083a00000,0x0000000091795b40,0x0000000094600000)
 Metaspace       used 56073K, capacity 57834K, committed 58112K, reserved 1099776K
  class space    used 7665K, capacity 8169K, committed 8192K, reserved 1048576K

Deoptimization events (10 events):
Event: 22,271 Thread 0x00007f6518bc4000 Uncommon trap: reason=unstable_if action=reinterpret pc=0x00007f6509db550c method=aQute.bnd.osgi.Clazz.parseClassFileData(Ljava/io/DataInput;)Ljava/util/Set; @ 43
Event: 22,278 Thread 0x00007f6518bc4000 Uncommon trap: reason=unstable_if action=reinterpret pc=0x00007f650a5411a8 method=aQute.bnd.osgi.Clazz.parseReference(Ljava/lang/String;II)I @ 172
Event: 22,523 Thread 0x00007f6518bc4000 Uncommon trap: reason=unstable_if action=reinterpret pc=0x00007f650a76c1ec method=aQute.bnd.osgi.Clazz.parseClassFileData(Ljava/io/DataInput;)Ljava/util/Set; @ 1067
Event: 22,529 Thread 0x00007f6518bc4000 Uncommon trap: reason=unstable_if action=reinterpret pc=0x00007f6508bd2e78 method=aQute.bnd.osgi.Clazz.crawl([B)V @ 360
Event: 22,533 Thread 0x00007f6518bc4000 Uncommon trap: reason=unstable_if action=reinterpret pc=0x00007f650a1f1e98 method=aQute.bnd.osgi.Clazz.parseClassFileData(Ljava/io/DataInput;)Ljava/util/Set; @ 1067
Event: 22,547 Thread 0x00007f6518bc4000 Uncommon trap: reason=unstable_if action=reinterpret pc=0x00007f650a23ecd8 method=aQute.bnd.osgi.Clazz.parseClassFileData(Ljava/io/DataInput;)Ljava/util/Set; @ 1067
Event: 23,046 Thread 0x00007f6518bc4000 Uncommon trap: reason=unstable_if action=reinterpret pc=0x00007f6509d85eb4 method=aQute.bnd.osgi.Descriptors.getTypeRef(Ljava/lang/String;)LaQute/bnd/osgi/Descriptors$TypeRef; @ 296
Event: 23,100 Thread 0x00007f6518bc4000 Uncommon trap: reason=range_check action=make_not_entrant pc=0x00007f650a7da438 method=java.lang.String.charAt(I)C @ 27
Event: 23,101 Thread 0x00007f6518bc4000 Uncommon trap: reason=range_check action=make_not_entrant pc=0x00007f650a7bfa5c method=java.lang.String.charAt(I)C @ 27
Event: 23,316 Thread 0x00007f6518bc4000 Uncommon trap: reason=unstable_if action=reinterpret pc=0x00007f650a7f8404 method=aQute.bnd.osgi.Clazz.referTo(LaQute/bnd/osgi/Descriptors$TypeRef;I)V @ 90

Classes redefined (0 events):
No events

Internal exceptions (10 events):
Event: 21,315 Thread 0x00007f6518bc4000 Exception <a 'java/lang/ClassNotFoundException': java/util/AbstractSetBeanInfo> (0x00000000d75fafe8) thrown at [/HUDSON/workspace/8-2-build-linux-amd64/jdk8u191/11894/hotspot/src/share/vm/classfile/systemDictionary.cpp, line 210]
Event: 21,315 Thread 0x00007f6518bc4000 Exception <a 'java/lang/ClassNotFoundException': java/util/AbstractSetCustomizer> (0x00000000d7605a90) thrown at [/HUDSON/workspace/8-2-build-linux-amd64/jdk8u191/11894/hotspot/src/share/vm/classfile/systemDictionary.cpp, line 210]
Event: 21,315 Thread 0x00007f6518bc4000 Exception <a 'java/lang/ClassNotFoundException': java/util/HashSetCustomizer> (0x00000000d7613608) thrown at [/HUDSON/workspace/8-2-build-linux-amd64/jdk8u191/11894/hotspot/src/share/vm/classfile/systemDictionary.cpp, line 210]
Event: 21,316 Thread 0x00007f6518bc4000 Exception <a 'java/lang/ClassNotFoundException': java/util/LinkedHashSetCustomizer> (0x00000000d7626f20) thrown at [/HUDSON/workspace/8-2-build-linux-amd64/jdk8u191/11894/hotspot/src/share/vm/classfile/systemDictionary.cpp, line 210]
Event: 21,318 Thread 0x00007f6518bc4000 Exception <a 'java/lang/ClassNotFoundException': java/util/zip/ZipFileBeanInfo> (0x00000000d7658120) thrown at [/HUDSON/workspace/8-2-build-linux-amd64/jdk8u191/11894/hotspot/src/share/vm/classfile/systemDictionary.cpp, line 210]
Event: 21,319 Thread 0x00007f6518bc4000 Exception <a 'java/lang/ClassNotFoundException': java/util/zip/ZipFileCustomizer> (0x00000000d76612e8) thrown at [/HUDSON/workspace/8-2-build-linux-amd64/jdk8u191/11894/hotspot/src/share/vm/classfile/systemDictionary.cpp, line 210]
Event: 21,505 Thread 0x00007f6518bc4000 Exception <a 'java/lang/ClassNotFoundException': org/gradle/internal/logging/slf4j/OutputEventListenerBackedLoggerBeanInfo> (0x00000000d9a12b70) thrown at [/HUDSON/workspace/8-2-build-linux-amd64/jdk8u191/11894/hotspot/src/share/vm/classfile/systemDiction
Event: 21,505 Thread 0x00007f6518bc4000 Exception <a 'java/lang/ClassNotFoundException': org/gradle/internal/logging/slf4j/OutputEventListenerBackedLoggerCustomizer> (0x00000000d9a50088) thrown at [/HUDSON/workspace/8-2-build-linux-amd64/jdk8u191/11894/hotspot/src/share/vm/classfile/systemDicti
Event: 21,511 Thread 0x00007f6518bc4000 Exception <a 'java/lang/ClassNotFoundException': org/gradle/api/internal/file/DefaultSourceDirectorySetBeanInfo> (0x00000000d9ae3d40) thrown at [/HUDSON/workspace/8-2-build-linux-amd64/jdk8u191/11894/hotspot/src/share/vm/classfile/systemDictionary.cpp, li
Event: 21,512 Thread 0x00007f6518bc4000 Exception <a 'java/lang/ClassNotFoundException': org/gradle/api/internal/file/DefaultSourceDirectorySetCustomizer> (0x00000000d9b1a288) thrown at [/HUDSON/workspace/8-2-build-linux-amd64/jdk8u191/11894/hotspot/src/share/vm/classfile/systemDictionary.cpp, 

Events (10 events):
Event: 24,195 Thread 0x00007f65180ba000 flushing nmethod 0x00007f650a11dd50
Event: 24,195 Thread 0x00007f65180ba000 flushing nmethod 0x00007f650a18c790
Event: 24,195 Thread 0x00007f65180ba000 flushing nmethod 0x00007f650a18f190
Event: 24,195 Thread 0x00007f65180ba000 flushing nmethod 0x00007f650a22b750
Event: 24,195 Thread 0x00007f65180ba000 flushing nmethod 0x00007f650a2c8b90
Event: 24,268 Thread 0x00007f6518bc4000 DEOPT PACKING pc=0x00007f650a8349d5 sp=0x00007f64c1b91f90
Event: 24,268 Thread 0x00007f6518bc4000 DEOPT UNPACKING pc=0x00007f65089ff784 sp=0x00007f64c1b91dd8 mode 0
Event: 24,363 Thread 0x00007f65180ba000 flushing nmethod 0x00007f650a4d69d0
Event: 24,363 Thread 0x00007f65180ba000 flushing nmethod 0x00007f650a6aa150
Event: 24,745 Executing VM operation: ParallelGCFailedAllocation


Dynamic libraries:
00400000-00401000 r-xp 00000000 08:01 8128497                            /opt/java/jdk1.8.0_191/bin/java
00600000-00601000 r--p 00000000 08:01 8128497                            /opt/java/jdk1.8.0_191/bin/java
00601000-00602000 rw-p 00001000 08:01 8128497                            /opt/java/jdk1.8.0_191/bin/java
00d44000-00d65000 rw-p 00000000 00:00 0                                  [heap]
83a00000-94600000 rw-p 00000000 00:00 0 
9f800000-d6900000 ---p 00000000 00:00 0 
d6900000-100000000 rw-p 00000000 00:00 0 
100000000-100800000 rw-p 00000000 00:00 0 
100800000-140000000 ---p 00000000 00:00 0 
7f64c07fd000-7f64c0807000 r--s 0006b000 08:01 13370793                   /opt/git/liferay-portal/.gradle/caches/modules-2/files-2.1/org.osgi/osgi.core/6.0.0/c49acdc9ac62cf69ee49cb6f1905b4fdb79ea5c/osgi.core-6.0.0.jar
7f64c0807000-7f64c0809000 r--s 00007000 08:01 13370792                   /opt/git/liferay-portal/.gradle/caches/modules-2/files-2.1/org.osgi/org.osgi.service.component.annotations/1.3.0/ef17ec0e7f73cd144599da108d72a24285d1f5d5/org.osgi.service.component.annotations-1.3.0.jar
7f64c0809000-7f64c080a000 r--s 00003000 08:01 13370288                   /opt/git/liferay-portal/.gradle/caches/modules-2/files-2.1/org.osgi/org.osgi.annotation.versioning/1.1.0/f6954fdcee1f910599fcb304522f9168c3e9cd27/org.osgi.annotation.versioning-1.1.0.jar
7f64c080a000-7f64c0810000 r--s 00071000 08:01 5898501                    /opt/git/liferay-portal/.gradle/caches/modules-2/files-2.1/org.codehaus.woodstox/woodstox-core-asl/4.4.1/84fee5eb1a4a1cefe65b6883c73b3fa83be3c1a1/woodstox-core-asl-4.4.1.jar
7f64c0810000-7f64c0814000 r--s 00024000 08:01 5898492                    /opt/git/liferay-portal/.gradle/caches/modules-2/files-2.1/org.codehaus.woodstox/stax2-api/3.1.4/ac19014b1e6a7c08aad07fe114af792676b685b7/stax2-api-3.1.4.jar
7f64c0814000-7f64c0821000 r--s 00083000 08:01 13370700                   /opt/git/liferay-portal/.gradle/caches/modules-2/files-2.1/commons-collections/commons-collections/3.2.2/8ad72fe39fa8c91eaaf12aadb21e0c3661fe26d5/commons-collections-3.2.2.jar
7f64c0821000-7f64c08b4000 r--s 005e3000 08:01 13370789                   /opt/git/liferay-portal/.gradle/caches/modules-2/files-2.1/com.liferay.portal/com.liferay.portal.kernel/4.0.0/facac971ce854bef9616dc58fd66571ab4f4fe7a/com.liferay.portal.kernel-4.0.0.jar
7f64c08b4000-7f64c0926000 r--s 012a0000 08:01 13369994                   /opt/git/liferay-portal/.gradle/caches/modules-2/files-2.1/com.liferay.portal/com.liferay.portal.impl/4.0.0/960f55be0aa51d1dae5c0293e85434f27087beba/com.liferay.portal.impl-4.0.0.jar
7f64c0926000-7f64c0928000 r--s 00003000 08:01 13369993                   /opt/git/liferay-portal/.gradle/caches/modules-2/files-2.1/com.liferay/com.liferay.portal.search.spi/3.1.0/ba0049359eff5981903c82b4e5dbf4eab1e6d326/com.liferay.portal.search.spi-3.1.0.jar
7f64c0928000-7f64c092c000 r--s 00014000 08:01 13369992                   /opt/git/liferay-portal/.gradle/caches/modules-2/files-2.1/com.liferay/com.liferay.portal.search.engine.adapter.api/3.3.0/3b39fad620f997e14a7f1190418d54eb19032654/com.liferay.portal.search.engine.adapter.api-3.3.0.jar
7f64c092c000-7f64c092e000 r--s 00000000 08:01 13369991                   /opt/git/liferay-portal/.gradle/caches/modules-2/files-2.1/com.liferay/com.liferay.portal.search.elasticsearch6.spi/1.0.0/1bad0e9a821fa6f6432eed0026d068c691cd394c/com.liferay.portal.search.elasticsearch6.spi-1.0.0.jar
7f64c092e000-7f64c0930000 r--s 0001e000 08:01 13369990                   /opt/git/liferay-portal/.gradle/caches/modules-2/files-2.1/com.liferay/com.liferay.portal.search.elasticsearch6.api/3.0.0/a9771843c68a2f23dc494c95b4407b1838189f04/com.liferay.portal.search.elasticsearch6.api-3.0.0.jar
7f64c0930000-7f64c093e000 r--s 00048000 08:01 13369989                   /opt/git/liferay-portal/.gradle/caches/modules-2/files-2.1/com.liferay/com.liferay.portal.search.api/3.8.0/77a4917915c1252c542868f6e5d3d15c0f1e6b97/com.liferay.portal.search.api-3.8.0.jar
7f64c093e000-7f64c0940000 r--s 00003000 08:01 13370791                   /opt/git/liferay-portal/.gradle/caches/modules-2/files-2.1/com.liferay/com.liferay.portal.configuration.metatype.api/2.0.0/464d438f548c27c20c3cbf5b4da6bab3ee5ec5f8/com.liferay.portal.configuration.metatype.api-2.0.0.jar
7f64c0940000-7f64c0941000 r--s 00002000 08:01 13370740                   /opt/git/liferay-portal/.gradle/caches/modules-2/files-2.1/com.liferay/com.liferay.petra.string/3.0.0/4454232934e52a4225733a1086622c0d1d1afb76/com.liferay.petra.string-3.0.0.jar
7f64c0941000-7f64c09ac000 r--s 00b57000 08:01 13369988                   /opt/git/liferay-portal/.gradle/caches/modules-2/files-2.1/com.ibm.icu/icu4j/61.1/28d33b5e44e72edcc66a5da7a34a42147f38d987/icu4j-61.1.jar
7f64c09ac000-7f64c09b0000 r--s 0004c000 08:01 13369987                   /opt/git/liferay-portal/.gradle/caches/modules-2/files-2.1/com.fasterxml.jackson.core/jackson-core/2.9.9/bfff5af9fb8347d26bbb7959cb9b4fe9a2b0ca5e/jackson-core-2.9.9.jar
7f64c09b0000-7f64c09b6000 r--s 0003d000 08:01 13369986                   /opt/git/liferay-portal/.gradle/caches/modules-2/files-2.1/org.yaml/snakeyaml/1.17/7a27ea250c5130b2922b86dea63cbb1cc10a660c/snakeyaml-1.17.jar
7f64c09b6000-7f64c09bb000 r--s 0005a000 08:01 13369985                   /opt/git/liferay-portal/.gradle/caches/modules-2/files-2.1/org.ow2.asm/asm-debug-all/5.1/dde860d586960d55a87cd52c4fc1f5059c89cbc6/asm-debug-all-5.1.jar
7f64c09bb000-7f64c09c0000 r--s 0002e000 08:01 13369984                   /opt/git/liferay-portal/.gradle/caches/modules-2/files-2.1/org.locationtech.spatial4j/spatial4j/0.7/faa8ba85d503da4ab872d17ba8c00da0098ab2f2/spatial4j-0.7.jar
7f64c09c0000-7f64c09cf000 r--s 000b4000 08:01 13369983                   /opt/git/liferay-portal/.gradle/caches/modules-2/files-2.1/org.locationtech.jts/jts-core/1.15.0/705981b7e25d05a76a3654e597dab6ba423eb79e/jts-core-1.15.0.jar
7f64c09cf000-7f64c09d1000 r--s 0001a000 08:01 13369981                   /opt/git/liferay-portal/.gradle/caches/modules-2/files-2.1/org.hdrhistogram/HdrHistogram/2.1.9/e4631ce165eb400edecfa32e03d3f1be53dee754/HdrHistogram-2.1.9.jar
7f64c09d1000-7f64c09d3000 r--s 00012000 08:01 13369980                   /opt/git/liferay-portal/.gradle/caches/modules-2/files-2.1/org.elasticsearch.plugin/transport-netty4-client/6.5.0/ea02d544f30f51bc36c1aa4d3ac1d8063f378e92/transport-netty4-client-6.5.0.jar
7f64c09d3000-7f64c09d5000 r--s 00019000 08:01 13369979                   /opt/git/liferay-portal/.gradle/caches/modules-2/files-2.1/org.elasticsearch.plugin/reindex-client/6.5.0/9b05d3b6f7e992edef3ee462daa2e25db7521d34/reindex-client-6.5.0.jar
7f64c09d5000-7f64c09d7000 r--s 00011000 08:01 13369978                   /opt/git/liferay-portal/.gradle/caches/modules-2/files-2.1/org.elasticsearch.plugin/percolator-client/6.5.0/c6b57e3bbcdfd9ba7ca0c687184a3b2c80415d65/percolator-client-6.5.0.jar
7f64c09d7000-7f64c09d9000 r--s 00011000 08:01 13369977                   /opt/git/liferay-portal/.gradle/caches/modules-2/files-2.1/org.elasticsearch.plugin/parent-join-client/6.5.0/b314c9953ac0b6a342671cf88fb32d7b3662362c/parent-join-client-6.5.0.jar
7f64c09d9000-7f64c09db000 r--s 0000d000 08:01 13369976                   /opt/git/liferay-portal/.gradle/caches/modules-2/files-2.1/org.elasticsearch.plugin/lang-mustache-client/6.5.0/133651c4166f91c7e45aa26ed0ba8efbf1f47612/lang-mustache-client-6.5.0.jar
7f64c09db000-7f64c09dc000 r--s 00003000 08:01 13369975                   /opt/git/liferay-portal/.gradle/caches/modules-2/files-2.1/org.elasticsearch.plugin/elasticsearch-scripting-painless-spi/6.5.0/5bf3f732c5d3fcc638b9b5054ac25ce28f90868f/elasticsearch-scripting-painless-spi-6.5.0.jar
7f64c09dc000-7f64c09dd000 r--s 00001000 08:01 13369974                   /opt/git/liferay-portal/.gradle/caches/modules-2/files-2.1/org.elasticsearch.client/transport/6.5.0/2746b889e160f92991c9e94678c15981b8e9750e/transport-6.5.0.jar
7f64c09dd000-7f64c09de000 r--s 00003000 08:01 13369973                   /opt/git/liferay-portal/.gradle/caches/modules-2/files-2.1/org.elasticsearch.client/sniffer/5.5.3/74f31d69cf5b6137c1a93cea239d321e7507099d/sniffer-5.5.3.jar
7f64c09de000-7f64c09e1000 r--s 00019000 08:01 13369972                   /opt/git/liferay-portal/.gradle/caches/modules-2/files-2.1/org.elasticsearch/elasticsearch-x-content/6.5.0/6a2a007a489d7ae2bcfb502238ba69fa4df2ed01/elasticsearch-x-content-6.5.0.jar
7f64c09e1000-7f64c09e2000 r--s 00008000 08:01 13369971                   /opt/git/liferay-portal/.gradle/caches/modules-2/files-2.1/org.elasticsearch/elasticsearch-core/6.5.0/472f626f1985f4c0a9afa905438eff533e1abb72/elasticsearch-core-6.5.0.jar
7f64c09e2000-7f64c09e3000 r--s 00003000 08:01 13369970                   /opt/git/liferay-portal/.gradle/caches/modules-2/files-2.1/org.elasticsearch/elasticsearch-cli/6.5.0/d68e59673082793ab2b0a6cd73de5c02d21143a0/elasticsearch-cli-6.5.0.jar
7f64c09e3000-7f64c0a86000 r--s 00952000 08:01 13369969                   /opt/git/liferay-portal/.gradle/caches/modules-2/files-2.1/org.elasticsearch/elasticsearch/6.5.0/6d9284811dd648481a4562a4ba8c09bdb277fb2d/elasticsearch-6.5.0.jar
7f64c0a86000-7f64c0add000 r--s 00391000 08:01 13369967                   /opt/git/liferay-portal/.gradle/caches/modules-2/files-2.1/org.bouncycastle/bcprov-jdk15on/1.59/2507204241ab450456bdb8e8c0a8f986e418bd99/bcprov-jdk15on-1.59.jar
7f64c0add000-7f64c0af0000 r--s 000af000 08:01 13369966                   /opt/git/liferay-portal/.gradle/caches/modules-2/files-2.1/org.bouncycastle/bcpkix-jdk15on/1.59/9cef0aab8a4bb849a8476c058ce3ff302aba3fff/bcpkix-jdk15on-1.59.jar
7f64c0af0000-7f64c0af7000 r--s 00043000 08:01 13369965                   /opt/git/liferay-portal/.gradle/caches/modules-2/files-2.1/org.bouncycastle/bcpg-jdk15on/1.59/ee93e5376bb6cf0a15c027b5f5e4393f2738e709/bcpg-jdk15on-1.59.jar
7f64c0af7000-7f64c0afc000 r--s 00038000 08:01 13369964                   /opt/git/liferay-portal/.gradle/caches/modules-2/files-2.1/org.apache.lucene/lucene-suggest/7.5.0/aa7d170871711ebd4dbd367d7b8ee0f1eb5e88b7/lucene-suggest-7.5.0.jar
7f64c0afc000-7f64c0b01000 r--s 0003c000 08:01 13369961                   /opt/git/liferay-portal/.gradle/caches/modules-2/files-2.1/org.apache.lucene/lucene-sandbox/7.5.0/9fa3bb1c81179e112a62c0db6749767127c616bd/lucene-sandbox-7.5.0.jar
7f64c0b01000-7f64c0b0b000 r--s 00054000 08:01 13369962                   /opt/git/liferay-portal/.gradle/caches/modules-2/files-2.1/org.apache.lucene/lucene-queryparser/7.5.0/3eefb522e150f2ba0009df20f3bcfa91d60e7090/lucene-queryparser-7.5.0.jar
7f64c0b0b000-7f64c0b12000 r--s 0003a000 08:01 13369959                   /opt/git/liferay-portal/.gradle/caches/modules-2/files-2.1/org.apache.lucene/lucene-queries/7.5.0/bfbf786b75c60a25daf33d389efd6458e17218d9/lucene-queries-7.5.0.jar
7f64c0b12000-7f64c0b15000 r--s 00015000 08:01 13369960                   /opt/git/liferay-portal/.gradle/caches/modules-2/files-2.1/org.apache.lucene/lucene-misc/7.5.0/60d0a02b9297b5423d5400a6b0aa114915232b60/lucene-misc-7.5.0.jar
7f64c0b15000-7f64c0b47000 r--s 002b9000 08:01 13369953                   /opt/git/liferay-portal/.gradle/caches/modules-2/files-2.1/org.apache.lucene/lucene-core/7.5.0/736e94305e2a0e803563c5b184877df5c7d4cb69/lucene-core-7.5.0.jar
7f64c0b47000-7f64c0b59000 r--s 00182000 08:01 13369951                   /opt/git/liferay-portal/.gradle/caches/modules-2/files-2.1/org.apache.lucene/lucene-analyzers-common/7.5.0/e7fbdfc2297c3ff5d194d7bef95810504e52710e/lucene-analyzers-common-7.5.0.jar
7f64c0b59000-7f64c0b7a000 r--s 0016d000 08:01 13369952                   /opt/git/liferay-portal/.gradle/caches/modules-2/files-2.1/org.apache.logging.log4j/log4j-core/2.11.2/6c2fb3f5b7cd27504726aef1b674b542a0c9cf53/log4j-core-2.11.2.jar
7f64c0b7a000-7f64c0c3a000 rw-p 00000000 00:00 0 
7f64c0c3a000-7f64c0d7a000 ---p 00000000 00:00 0 
7f64c0d7a000-7f64c0f7a000 rw-p 00000000 00:00 0 
7f64c0f7a000-7f64c117a000 rw-p 00000000 00:00 0 
7f64c117a000-7f64c137a000 rw-p 00000000 00:00 0 
7f64c137a000-7f64c137b000 r--s 00003000 08:01 13369963                   /opt/git/liferay-portal/.gradle/caches/modules-2/files-2.1/org.apache.lucene/lucene-spatial/7.5.0/8de64a6a8ad22b5849f2ab5f824917723de7a349/lucene-spatial-7.5.0.jar
7f64c137b000-7f64c137d000 r--s 0000b000 08:01 13369958                   /opt/git/liferay-portal/.gradle/caches/modules-2/files-2.1/org.apache.lucene/lucene-memory/7.5.0/b8cc0c311a823287264653fbd05f866e059d303c/lucene-memory-7.5.0.jar
7f64c137d000-7f64c1381000 r--s 00020000 08:01 13369957                   /opt/git/liferay-portal/.gradle/caches/modules-2/files-2.1/org.apache.lucene/lucene-join/7.5.0/65d3c275b094383640d393579cdb7aff22bcd1d/lucene-join-7.5.0.jar
7f64c1381000-7f64c1386000 r--s 0002e000 08:01 13369956                   /opt/git/liferay-portal/.gradle/caches/modules-2/files-2.1/org.apache.lucene/lucene-highlighter/7.5.0/59420a5e30f12885f160e49bb975ab6b5985bd3d/lucene-highlighter-7.5.0.jar
7f64c1386000-7f64c1389000 r--s 00013000 08:01 13369955                   /opt/git/liferay-portal/.gradle/caches/modules-2/files-2.1/org.apache.lucene/lucene-grouping/7.5.0/f326a63640a288c302c713fcf2965fdc827b3cca/lucene-grouping-7.5.0.jar
7f64c1389000-7f64c138f000 r--s 0003c000 08:01 13369950                   /opt/git/liferay-portal/.gradle/caches/modules-2/files-2.1/org.apache.logging.log4j/log4j-api/2.11.2/f5e9a2ffca496057d6891a3de65128efc636e26e/log4j-api-2.11.2.jar
7f64c138f000-7f64c139c000 r--s 000a3000 08:01 13369949                   /opt/git/liferay-portal/.gradle/caches/modules-2/files-2.1/org.apache.httpcomponents/httpclient/4.4/6d220441ca681dddc55a189eae81a437309128b8/httpclient-4.4.jar
7f64c139c000-7f64c139f000 r--s 00029000 08:01 13369948                   /opt/git/liferay-portal/.gradle/caches/modules-2/files-2.1/org.apache.httpcomponents/httpasyncclient/4.1.3/34c56f43fd3255fc239ffe33d0fbfb8195be6a24/httpasyncclient-4.1.3.jar
7f64c139f000-7f64c13a5000 r--s 00044000 08:01 13369947                   /opt/git/liferay-portal/.gradle/caches/modules-2/files-2.1/org.antlr/antlr4-runtime/4.5.3/2609e36f18f7e8d593cc1cddfb2ac776dc96b8e0/antlr4-runtime-4.5.3.jar
7f64c13a5000-7f64c13a8000 r--s 00014000 08:01 13369946                   /opt/git/liferay-portal/.gradle/caches/modules-2/files-2.1/net.sf.supercsv/super-csv/2.1.0/c6466dd0e28c034272b9f70a3f1896c03f1f2b27/super-csv-2.1.0.jar
7f64c13a8000-7f64c13ab000 r--s 00011000 08:01 13369945                   /opt/git/liferay-portal/.gradle/caches/modules-2/files-2.1/net.sf.jopt-simple/jopt-simple/5.0.2/98cafc6081d5632b61be2c9e60650b64ddbc637c/jopt-simple-5.0.2.jar
7f64c13ab000-7f64c13bc000 r--s 0008a000 08:01 13369944                   /opt/git/liferay-portal/.gradle/caches/modules-2/files-2.1/joda-time/joda-time/2.9.5/5f01da7306363fad2028b916f3eab926262de928/joda-time-2.9.5.jar
7f64c13bc000-7f64c13fb000 r--s 0033f000 08:01 13369943                   /opt/git/liferay-portal/.gradle/caches/modules-2/files-2.1/io.netty/netty-all/4.1.11.Final/b33ee67c342fb9598337627b3d342b129d962c1a/netty-all-4.1.11.Final.jar
7f64c13fb000-7f64c1400000 r--s 00041000 08:01 15339066                   /opt/git/liferay-portal/.gradle/caches/modules-2/files-2.1/commons-lang/commons-lang/2.6/ce1edb914c94ebc388f086c6827e8bdeec71ac2/commons-lang-2.6.jar
7f64c1400000-7f64c1404000 r--s 00031000 08:01 13369942                   /opt/git/liferay-portal/.gradle/caches/modules-2/files-2.1/commons-io/commons-io/2.6/815893df5f31da2ece4040fe0a12fd44b577afaf/commons-io-2.6.jar
7f64c1404000-7f64c1424000 r--s 00398000 08:01 13369941                   /opt/git/liferay-portal/.gradle/caches/modules-2/files-2.1/com.unboundid/unboundid-ldapsdk/4.0.2/2a3c07c4b60da2bc133be541f77023a5d7941973/unboundid-ldapsdk-4.0.2.jar
7f64c1424000-7f64c1426000 r--s 0000e000 08:01 13369940                   /opt/git/liferay-portal/.gradle/caches/modules-2/files-2.1/com.twitter/jsr166e/1.1.0/233098147123ee5ddcd39ffc57ff648be4b7e5b2/jsr166e-1.1.0.jar
7f64c1426000-7f64c1428000 r--s 0000b000 08:01 13369933                   /opt/git/liferay-portal/.gradle/caches/modules-2/files-2.1/com.tdunning/t-digest/3.2/2ab94758b0276a8a26102adf8d528cf6d0567b9a/t-digest-3.2.jar
7f64c1428000-7f64c144c000 r--s 001b3000 08:01 13369939                   /opt/git/liferay-portal/.gradle/caches/modules-2/files-2.1/com.liferay/org.elasticsearch.xpack.core/6.5.0/50eb3734e1e348a7f9a97580ba70efdd569247bb/org.elasticsearch.xpack.core-6.5.0.jar
7f64c144c000-7f64c144d000 r--s 00002000 08:01 13369926                   /opt/git/liferay-portal/.gradle/caches/modules-2/files-2.1/com.liferay/org.elasticsearch.secure.sm/6.5.0/947fe587e95f9fd590c914d0f32104db1516202d/org.elasticsearch.secure.sm-6.5.0.jar
7f64c144d000-7f64c144f000 r--s 00007000 08:01 13369925                   /opt/git/liferay-portal/.gradle/caches/modules-2/files-2.1/com.liferay/org.elasticsearch.plugin.cli/6.5.0/9998fd92489f88be0cd27330ef9bd559d499b003/org.elasticsearch.plugin.cli-6.5.0.jar
7f64c144f000-7f64c1450000 r--s 00001000 08:01 13369924                   /opt/git/liferay-portal/.gradle/caches/modules-2/files-2.1/com.liferay/org.elasticsearch.plugin.classloader/6.5.0/47fb4df17ec150472a133c8828190500f43456d0/org.elasticsearch.plugin.classloader-6.5.0.jar
7f64c1450000-7f64c1458000 r--s 00077000 08:01 13369923                   /opt/git/liferay-portal/.gradle/caches/modules-2/files-2.1/com.liferay/org.elasticsearch.painless/6.5.0.LIFERAY-PATCHED-1/6eee584331103fdaf659804c8aa7bf7290d2b183/org.elasticsearch.painless-6.5.0.LIFERAY-PATCHED-1.jar
7f64c1458000-7f64c1459000 r--s 00001000 08:01 13369921                   /opt/git/liferay-portal/.gradle/caches/modules-2/files-2.1/com.liferay/org.elasticsearch.client.xpack.transport/6.5.0/528c819c3cf9b40a19a0fc5852131316542a3888/org.elasticsearch.client.xpack.transport-6.5.0.jar
7f64c1459000-7f64c145e000 r--s 00027000 08:01 13369922                   /opt/git/liferay-portal/.gradle/caches/modules-2/files-2.1/com.liferay/org.elasticsearch.analysis.common/6.5.0/523b304ed74a861c67e75b59065b5c05da82311a/org.elasticsearch.analysis.common-6.5.0.jar
7f64c145e000-7f64c1460000 r--s 00009000 08:01 13369920                   /opt/git/liferay-portal/.gradle/caches/modules-2/files-2.1/com.fasterxml.jackson.dataformat/jackson-dataformat-yaml/2.9.8/a1c807329eb0c75976aeb5961a506b3516ffeae3/jackson-dataformat-yaml-2.9.8.jar
7f64c1460000-7f64c1462000 r--s 00013000 08:01 13369995                   /opt/git/liferay-portal/.gradle/caches/modules-2/files-2.1/com.fasterxml.jackson.dataformat/jackson-dataformat-smile/2.9.8/dbb47a052ac2b249ae004ce32e1e0c8bd8ee526c/jackson-dataformat-smile-2.9.8.jar
7f64c1462000-7f64c1464000 r--s 0000b000 08:01 13369918                   /opt/git/liferay-portal/.gradle/caches/modules-2/files-2.1/com.fasterxml.jackson.dataformat/jackson-dataformat-cbor/2.9.8/dc290bb8be6ad98aa20e8342f92aaa88f7b5bab2/jackson-dataformat-cbor-2.9.8.jar
7f64c1464000-7f64c147b000 r--s 00100000 08:01 13369919                   /opt/git/liferay-portal/.gradle/caches/modules-2/files-2.1/com.carrotsearch/hppc/0.7.1/8b5057f74ea378c0150a1860874a3ebdcb713767/hppc-0.7.1.jar
7f64c147b000-7f64c147c000 r--s 00004000 08:01 12725736                   /opt/git/liferay-portal/modules/apps/portal-search-elasticsearch6/portal-search-elasticsearch6-impl/gsearch-libs/fi.soveltia.liferay.gsearch.query-5.0.0.jar
7f64c147c000-7f64c1482000 r--s 00046000 08:01 12725752                   /opt/git/liferay-portal/modules/apps/portal-search-elasticsearch6/portal-search-elasticsearch6-impl/ltr-1.1.0-es6.5.0/ltr-1.1.0-es6.5.0.jar
7f64c1482000-7f64c1494000 r--s 01403000 08:01 13123620                   /opt/git/liferay-portal/modules/apps/portal-search-elasticsearch6/portal-search-elasticsearch6-impl/build/tmp/jar/com.liferay.portal.search.elasticsearch6.GSEARCH-PATCHED-IMPL-72-DXP-FP1-3.0.24.jar
7f64c1494000-7f64c1497000 ---p 00000000 00:00 0 
7f64c1497000-7f64c1595000 rw-p 00000000 00:00 0 
7f64c1595000-7f64c1598000 ---p 00000000 00:00 0 
7f64c1598000-7f64c1896000 rw-p 00000000 00:00 0 
7f64c1896000-7f64c1899000 ---p 00000000 00:00 0 
7f64c1899000-7f64c1997000 rw-p 00000000 00:00 0 
7f64c1997000-7f64c199a000 ---p 00000000 00:00 0 
7f64c199a000-7f64c1a98000 rw-p 00000000 00:00 0 
7f64c1a98000-7f64c1a9b000 ---p 00000000 00:00 0 
7f64c1a9b000-7f64c1d99000 rw-p 00000000 00:00 0 
7f64c1d99000-7f64c1d9c000 ---p 00000000 00:00 0 
7f64c1d9c000-7f64c1e9a000 rw-p 00000000 00:00 0 
7f64c1e9a000-7f64c1e9d000 ---p 00000000 00:00 0 
7f64c1e9d000-7f64c1f9b000 rw-p 00000000 00:00 0 
7f64c1f9b000-7f64c1f9e000 ---p 00000000 00:00 0 
7f64c1f9e000-7f64c229c000 rw-p 00000000 00:00 0 
7f64c229c000-7f64c229f000 r--s 0001a000 08:01 8129976                    /opt/java/jdk1.8.0_191/jre/lib/jce.jar
7f64c229f000-7f64c249f000 rw-p 00000000 00:00 0 
7f64c249f000-7f64c269f000 rw-p 00000000 00:00 0 
7f64c269f000-7f64c289f000 rw-p 00000000 00:00 0 
7f64c289f000-7f64c2a9f000 rw-p 00000000 00:00 0 
7f64c2a9f000-7f64c2c9f000 rw-p 00000000 00:00 0 
7f64c2c9f000-7f64c2e9f000 rw-p 00000000 00:00 0 
7f64c2e9f000-7f64c2ea1000 r--s 00000000 08:01 528355                     /opt/git/liferay-portal/.gradle/caches/modules-2/files-2.1/org.eclipse.jdt/org.eclipse.jdt.annotation/1.1.0/c154cecefedc3a8f2a2752db856d8a251ecb49c9/org.eclipse.jdt.annotation-1.1.0.jar
7f64c2ea1000-7f64c2ea3000 r--s 00005000 08:01 4854463                    /opt/git/liferay-portal/.gradle/caches/modules-2/files-2.1/org.slf4j/slf4j-api/1.7.2/81d61b7f33ebeab314e07de0cc596f8e858d97/slf4j-api-1.7.2.jar
7f64c2ea3000-7f64c2ea6000 r--s 0001c000 08:01 14029138                   /opt/git/liferay-portal/.gradle/caches/modules-2/files-2.1/com.googlecode.javaewah/JavaEWAH/0.7.9/eceaf316a8faf0e794296ebe158ae110c7d72a5a/JavaEWAH-0.7.9.jar
7f64c2ea6000-7f64c2eab000 r--s 00040000 08:01 1714157                    /opt/git/liferay-portal/.gradle/caches/modules-2/files-2.1/com.jcraft/jsch/0.1.53/658b682d5c817b27ae795637dfec047c63d29935/jsch-0.1.53.jar
7f64c2eab000-7f64c2efd000 r--s 00562000 08:01 15082013                   /opt/git/liferay-portal/.gradle/caches/modules-2/files-2.1/biz.aQute.bnd/biz.aQute.bnd/3.5.0/237e135339a5f5a2b004318b6b84e9d30f7eb52b/biz.aQute.bnd-3.5.0.jar
7f64c2efd000-7f64c2f05000 r--s 00028000 08:01 13766484                   /opt/git/liferay-portal/.gradle/caches/modules-2/files-2.1/xml-apis/xml-apis/1.3.04/90b215f48fe42776c8c7f6e3509ec54e84fd65ef/xml-apis-1.3.04.jar
7f64c2f05000-7f64c2f0c000 r--s 0003a000 08:01 15077508                   /opt/git/liferay-portal/.gradle/caches/modules-2/files-2.1/commons-codec/commons-codec/1.9/9ce04e34240f674bc72680f8b843b1457383161a/commons-codec-1.9.jar
7f64c2f0c000-7f64c2f23000 r--s 000fc000 08:01 15082951                   /opt/git/liferay-portal/.gradle/caches/modules-2/files-2.1/org.springframework/spring-core/4.3.11.RELEASE/eb30ed093f628279d3aead068fd478fa343f1dad/spring-core-4.3.11.RELEASE.jar
7f64c2f23000-7f64c2f2b000 r--s 00048000 08:01 5641119                    /opt/git/liferay-portal/.gradle/caches/modules-2/files-2.1/org.apache.httpcomponents/httpcore/4.4.6/e3fd8ced1f52c7574af952e2e6da0df8df08eb82/httpcore-4.4.6.jar
7f64c2f2b000-7f64c2f74000 r--s 004fb000 08:01 13369783                   /opt/git/liferay-portal/.gradle/caches/modules-2/files-2.1/biz.aQute.bnd/biz.aQute.bnd.gradle/3.5.0/f87dfe68714f495e5e510a04ed319ca6c7a7885e/biz.aQute.bnd.gradle-3.5.0.jar
7f64c2f74000-7f64c2f77000 ---p 00000000 00:00 0 
7f64c2f77000-7f64c3075000 rw-p 00000000 00:00 0 
7f64c3075000-7f64c3078000 ---p 00000000 00:00 0 
7f64c3078000-7f64c3376000 rw-p 00000000 00:00 0 
7f64c3376000-7f64c3379000 ---p 00000000 00:00 0 
7f64c3379000-7f64c3477000 rw-p 00000000 00:00 0 
7f64c3477000-7f64c347a000 ---p 00000000 00:00 0 
7f64c347a000-7f64c3778000 rw-p 00000000 00:00 0 
7f64c3778000-7f64c377b000 ---p 00000000 00:00 0 
7f64c377b000-7f64c3a79000 rw-p 00000000 00:00 0 
7f64c3a79000-7f64c3c79000 rw-p 00000000 00:00 0 
7f64c3c79000-7f64c3c7c000 r--s 00013000 08:01 1715032                    /opt/git/liferay-portal/.gradle/caches/modules-2/files-2.1/com.liferay/com.liferay.portal.tools.soy.builder/3.0.4/6d2bebafc9aa1cb97d41ec1e19716f0a8faea2f/com.liferay.portal.tools.soy.builder-3.0.4.jar
7f64c3c7c000-7f64c3c7e000 r--s 0000e000 08:01 919361                     /opt/git/liferay-portal/.gradle/caches/modules-2/files-2.1/commons-logging/commons-logging/1.2/4bfc12adfe4842bf07b657f0369c4cb522955686/commons-logging-1.2.jar
7f64c3c7e000-7f64c3c8d000 r--s 0009e000 08:01 19542121                   /opt/git/liferay-portal/.gradle/caches/modules-2/files-2.1/io.spring.gradle/dependency-management-plugin/1.0.3.RELEASE/c7fc988680e19cef9bf91de0c39b891e4c8dca2d/dependency-management-plugin-1.0.3.RELEASE.jar
7f64c3c8d000-7f64c3c90000 r--s 00023000 08:01 15082499                   /opt/git/liferay-portal/.gradle/caches/modules-2/files-2.1/org.springframework.boot/spring-boot-loader-tools/1.5.7.RELEASE/e99c816906e6743b4c59977144a66713969ab22a/spring-boot-loader-tools-1.5.7.RELEASE.jar
7f64c3c90000-7f64c3c92000 r--s 00008000 08:01 13766480                   /opt/git/liferay-portal/.gradle/caches/modules-2/files-2.1/net.jodah/expiringmap/0.5.7/9ce15de4173a001d0e76ae6a73e7e555f912bbd/expiringmap-0.5.7.jar
7f64c3c92000-7f64c3c93000 r--s 00000000 08:01 792757                     /opt/git/liferay-portal/.gradle/caches/modules-2/files-2.1/com.liferay/com.liferay.gogo.shell.client/1.0.0/a2c68ef23692e106082a9fa57dc8a7474f847a03/com.liferay.gogo.shell.client-1.0.0.jar
7f64c3c93000-7f64c3c95000 r--s 0000a000 08:01 13369868                   /opt/git/liferay-portal/.gradle/caches/modules-2/files-2.1/com.liferay/com.liferay.ant.bnd/3.1.0/e7e8ed8a87f7cac356f5937e9085ba1b2e9aa19d/com.liferay.ant.bnd-3.1.0.jar
7f64c3c95000-7f64c3c9a000 r--s 0002a000 08:01 6684789                    /opt/git/liferay-portal/.gradle/caches/modules-2/files-2.1/com.google.code.gson/gson/2.2.4/a60a5e993c98c864010053cb901b7eab25306568/gson-2.2.4.jar
7f64c3c9a000-7f64c3c9d000 r--s 00009000 08:01 15339068                   /opt/git/liferay-portal/.gradle/caches/modules-2/files-2.1/oauth.signpost/signpost-core/1.2.1.2/bf95955dcf3d5a78c201e49b0c336787ea73f161/signpost-core-1.2.1.2.jar
7f64c3c9d000-7f64c3c9f000 r--s 00026000 08:01 4592975                    /opt/git/liferay-portal/.gradle/caches/modules-2/files-2.1/org.apache.maven/maven-model/3.0.4/5e149cfe15daedebbb1e8970d6a5ff1bea61b94c/maven-model-3.0.4.jar
7f64c3c9f000-7f64c3ca3000 r--s 00040000 08:01 17708703                   /opt/git/liferay-portal/.gradle/caches/modules-2/files-2.1/xalan/serializer/2.7.2/24247f3bb052ee068971393bdb83e04512bb1c3c/serializer-2.7.2.jar
7f64c3ca3000-7f64c3ca7000 r--s 0002f000 08:01 15077545                   /opt/git/liferay-portal/.gradle/caches/modules-2/files-2.1/commons-io/commons-io/2.5/2852e6e05fbb95076fc091f6d1780f1f8fe35e0f/commons-io-2.5.jar
7f64c3ca7000-7f64c3ca9000 r--s 0000b000 08:01 15080943                   /opt/git/liferay-portal/.gradle/caches/modules-2/files-2.1/org.zeroturnaround/zt-exec/1.9/a6c5747098b1ede9f4a6e9c36eaebb357a4430ed/zt-exec-1.9.jar
7f64c3ca9000-7f64c3cb6000 r--s 000aa000 08:01 18887635                   /opt/git/liferay-portal/.gradle/caches/modules-2/files-2.1/org.apache.httpcomponents/httpclient/4.5.3/d1577ae15f01ef5438c5afc62162457c00a34713/httpclient-4.5.3.jar
7f64c3cb6000-7f64c3cd7000 r--s 001f0000 08:01 15080661                   /opt/git/liferay-portal/.gradle/caches/modules-2/files-2.1/org.eclipse.jgit/org.eclipse.jgit/4.1.1.201511131810-r/17cf7d0cb7da8bbcc16e43f0ab5dbfc43b5cb539/org.eclipse.jgit-4.1.1.201511131810-r.jar
7f64c3cd7000-7f64c3cdb000 r--s 00028000 08:01 15077480                   /opt/git/liferay-portal/.gradle/caches/modules-2/files-2.1/com.thoughtworks.qdox/qdox/1.12.1/f7122f6ab1f64bdf9f5970b0e89bfb355e036897/qdox-1.12.1.jar
7f64c3cdb000-7f64c3cdd000 r--s 00008000 08:01 13369678                   /opt/git/liferay-portal/.gradle/caches/modules-2/files-2.1/com.liferay/com.liferay.gradle.util/1.0.34/cbe4794083e0ffca4ca5a34d116b7c7df28742/com.liferay.gradle.util-1.0.34.jar
7f64c3cdd000-7f64c3ce0000 r--s 00017000 08:01 13369679                   /opt/git/liferay-portal/.gradle/caches/modules-2/files-2.1/com.liferay/com.liferay.gradle.plugins.node/4.6.18/2c85420818227a5607e595deaa82b237802d4590/com.liferay.gradle.plugins.node-4.6.18.jar
7f64c3ce0000-7f64c3ce1000 r--s 00006000 08:01 13369677                   /opt/git/liferay-portal/.gradle/caches/modules-2/files-2.1/com.liferay/com.liferay.gradle.plugins.js.transpiler/2.4.36/f393708f549a9ea90c0fedd16a1f06a459b7ec1b/com.liferay.gradle.plugins.js.transpiler-2.4.36.jar
7f64c3ce1000-7f64c3ce3000 r--s 00004000 08:01 13369596                   /opt/git/liferay-portal/.gradle/caches/modules-2/files-2.1/com.liferay/com.liferay.gradle.plugins.js.module.config.generator/2.1.57/c25b1e1bbb8cb7f6638296f47881c554095a94f3/com.liferay.gradle.plugins.js.module.config.generator-2.1.57.jar
7f64c3ce3000-7f64c3ce4000 r--s 00001000 08:01 13369464                   /opt/git/liferay-portal/.gradle/caches/modules-2/files-2.1/com.liferay/com.liferay.gradle.plugins.gulp/2.0.59/938e3d7409bc6ccef1042f088d41b49cec378afe/com.liferay.gradle.plugins.gulp-2.0.59.jar
7f64c3ce4000-7f64c3ce6000 r--s 00002000 08:01 13377713                   /opt/git/liferay-portal/.gradle/caches/modules-2/files-2.1/com.liferay/com.liferay.gradle.plugins.xsd.builder/1.0.7/7c1f14ab7339d4827de7d66772ec1c4d3fb3b252/com.liferay.gradle.plugins.xsd.builder-1.0.7.jar
7f64c3ce6000-7f64c3ce7000 r--s 00002000 08:01 13377712                   /opt/git/liferay-portal/.gradle/caches/modules-2/files-2.1/com.liferay/com.liferay.gradle.plugins.xml.formatter/1.0.11/313c8b0e68dd0f06101942516e040f53bd42f397/com.liferay.gradle.plugins.xml.formatter-1.0.11.jar
7f64c3ce7000-7f64c3ce9000 r--s 00004000 08:01 13377711                   /opt/git/liferay-portal/.gradle/caches/modules-2/files-2.1/com.liferay/com.liferay.gradle.plugins.wsdl.builder/2.0.3/58798def54230e2cb247a335d69186b123359aeb/com.liferay.gradle.plugins.wsdl.builder-2.0.3.jar
7f64c3ce9000-7f64c3cea000 r--s 00003000 08:01 13377710                   /opt/git/liferay-portal/.gradle/caches/modules-2/files-2.1/com.liferay/com.liferay.gradle.plugins.wsdd.builder/1.0.13/504fec5783f4f3bfc1f9eddbea792fa7884221fe/com.liferay.gradle.plugins.wsdd.builder-1.0.13.jar
7f64c3cea000-7f64c3ceb000 r--s 00002000 08:01 13377709                   /opt/git/liferay-portal/.gradle/caches/modules-2/files-2.1/com.liferay/com.liferay.gradle.plugins.upgrade.table.builder/2.0.3/901df00aace3e9ef865f71830096652b67202cee/com.liferay.gradle.plugins.upgrade.table.builder-2.0.3.jar
7f64c3ceb000-7f64c3ced000 r--s 00007000 08:01 13377708                   /opt/git/liferay-portal/.gradle/caches/modules-2/files-2.1/com.liferay/com.liferay.gradle.plugins.tlddoc.builder/1.3.3/791088385f06fae604739d0f67fe80dc4ef37df5/com.liferay.gradle.plugins.tlddoc.builder-1.3.3.jar
7f64c3ced000-7f64c3cee000 r--s 00001000 08:01 13377707                   /opt/git/liferay-portal/.gradle/caches/modules-2/files-2.1/com.liferay/com.liferay.gradle.plugins.tld.formatter/1.0.9/79cf700841a5efab9dbed34e5b10fe0863443e1c/com.liferay.gradle.plugins.tld.formatter-1.0.9.jar
7f64c3cee000-7f64c3cf1000 r--s 00011000 08:01 13369470                   /opt/git/liferay-portal/.gradle/caches/modules-2/files-2.1/com.liferay/com.liferay.gradle.plugins.test.integration/2.4.6/d6112fa8577030e337e780c47035ed91799db6bc/com.liferay.gradle.plugins.test.integration-2.4.6.jar
7f64c3cf1000-7f64c3cf3000 r--s 00005000 08:01 13377705                   /opt/git/liferay-portal/.gradle/caches/modules-2/files-2.1/com.liferay/com.liferay.gradle.plugins.soy/3.1.8/dba6c2f6e5a97b534f66b8222b9d2f1820ff8127/com.liferay.gradle.plugins.soy-3.1.8.jar
7f64c3cf3000-7f64c3cf5000 r--s 00003000 08:01 13369462                   /opt/git/liferay-portal/.gradle/caches/modules-2/files-2.1/com.liferay/com.liferay.gradle.plugins.source.formatter/2.3.424/f3c56087b2d9f38ca98a8b552424ef3d97cdc916/com.liferay.gradle.plugins.source.formatter-2.3.424.jar
7f64c3cf5000-7f64c3cf7000 r--s 00006000 08:01 13369463                   /opt/git/liferay-portal/.gradle/caches/modules-2/files-2.1/com.liferay/com.liferay.gradle.plugins.service.builder/2.2.47/8c319b512de89b7c690bee02d831f62d44be3da/com.liferay.gradle.plugins.service.builder-2.2.47.jar
7f64c3cf7000-7f64c3cf9000 r--s 00001000 08:01 13369461                   /opt/git/liferay-portal/.gradle/caches/modules-2/files-2.1/com.liferay/com.liferay.gradle.plugins.rest.builder/1.0.21/62c9d900d3b7168ac9a9055ee449881e2e26b85c/com.liferay.gradle.plugins.rest.builder-1.0.21.jar
7f64c3cf9000-7f64c3cfb000 r--s 00004000 08:01 13369458                   /opt/git/liferay-portal/.gradle/caches/modules-2/files-2.1/com.liferay/com.liferay.gradle.plugins.lang.builder/3.0.12/7a1d67f094bec9179b62fdd46e4742bcac10d403/com.liferay.gradle.plugins.lang.builder-3.0.12.jar
7f64c3cfb000-7f64c3cfc000 r--s 00002000 08:01 13369457                   /opt/git/liferay-portal/.gradle/caches/modules-2/files-2.1/com.liferay/com.liferay.gradle.plugins.javadoc.formatter/1.0.28/dd07319fe432a993725b59e089d6f812ebc3dd7e/com.liferay.gradle.plugins.javadoc.formatter-1.0.28.jar
7f64c3cfc000-7f64c3cfd000 r--s 00003000 08:01 13377700                   /opt/git/liferay-portal/.gradle/caches/modules-2/files-2.1/com.liferay/com.liferay.gradle.plugins.jasper.jspc/2.0.5/1948bfa0d760bafa16ce7fb747aaba70022c56f6/com.liferay.gradle.plugins.jasper.jspc-2.0.5.jar
7f64c3cfd000-7f64c3cff000 r--s 00002000 08:01 13377699                   /opt/git/liferay-portal/.gradle/caches/modules-2/files-2.1/com.liferay/com.liferay.gradle.plugins.db.support/1.0.5/404e7631e13a84bd986e76e6a846b3467329fbce/com.liferay.gradle.plugins.db.support-1.0.5.jar
7f64c3cff000-7f64c3eff000 rw-p 00000000 00:00 0 
7f64c3eff000-7f64c3f02000 ---p 00000000 00:00 0 
7f64c3f02000-7f64c4000000 rw-p 00000000 00:00 0 
7f64c4000000-7f64c4021000 rw-p 00000000 00:00 0 
7f64c4021000-7f64c8000000 ---p 00000000 00:00 0 
7f64c8000000-7f64c8021000 rw-p 00000000 00:00 0 
7f64c8021000-7f64cc000000 ---p 00000000 00:00 0 
7f64cc000000-7f64cc2ae000 rw-p 00000000 00:00 0 
7f64cc2ae000-7f64d0000000 ---p 00000000 00:00 0 
7f64d0000000-7f64d0093000 rw-p 00000000 00:00 0 
7f64d0093000-7f64d4000000 ---p 00000000 00:00 0 
7f64d4000000-7f64d4021000 rw-p 00000000 00:00 0 
7f64d4021000-7f64d8000000 ---p 00000000 00:00 0 
7f64d8000000-7f64d8021000 rw-p 00000000 00:00 0 
7f64d8021000-7f64dc000000 ---p 00000000 00:00 0 
7f64dc000000-7f64dd6a7000 rw-p 00000000 00:00 0 
7f64dd6a7000-7f64e0000000 ---p 00000000 00:00 0 
7f64e0000000-7f64e0f20000 rw-p 00000000 00:00 0 
7f64e0f20000-7f64e4000000 ---p 00000000 00:00 0 
7f64e4000000-7f64e4069000 rw-p 00000000 00:00 0 
7f64e4069000-7f64e8000000 ---p 00000000 00:00 0 
7f64e8000000-7f64e85be000 rw-p 00000000 00:00 0 
7f64e85be000-7f64ec000000 ---p 00000000 00:00 0 
7f64ec000000-7f64ec3b8000 rw-p 00000000 00:00 0 
7f64ec3b8000-7f64f0000000 ---p 00000000 00:00 0 
7f64f0000000-7f64f0021000 rw-p 00000000 00:00 0 
7f64f0021000-7f64f4000000 ---p 00000000 00:00 0 
7f64f4000000-7f64f4058000 rw-p 00000000 00:00 0 
7f64f4058000-7f64f8000000 ---p 00000000 00:00 0 
7f64f8000000-7f64f8002000 r--s 00004000 08:01 13369456                   /opt/git/liferay-portal/.gradle/caches/modules-2/files-2.1/com.liferay/com.liferay.gradle.plugins.css.builder/3.0.0/575c593ad53a033b2b9c2a6fea66fad9e3ef5a9c/com.liferay.gradle.plugins.css.builder-3.0.0.jar
7f64f8002000-7f64f8004000 r--s 00002000 08:01 13377697                   /opt/git/liferay-portal/.gradle/caches/modules-2/files-2.1/com.liferay/com.liferay.gradle.plugins.alloy.taglib/2.0.2/b5ab7bc0e31c8e55d0e83660ed5041a7bff85d34/com.liferay.gradle.plugins.alloy.taglib-2.0.2.jar
7f64f8004000-7f64f8006000 r--s 0000b000 08:01 15082495                   /opt/git/liferay-portal/.gradle/caches/modules-2/files-2.1/org.springframework.boot/spring-boot-gradle-plugin/1.5.7.RELEASE/8d043a3895fc2d0be440ce06f99b1dfa5ff7a459/spring-boot-gradle-plugin-1.5.7.RELEASE.jar
7f64f8006000-7f64f8008000 r--s 00006000 08:01 6684820                    /opt/git/liferay-portal/.gradle/caches/modules-2/files-2.1/org.apache.aries.jmx/org.apache.aries.jmx.api/1.1.0/fdde443a7c653db5e596981caec82cec4d25e928/org.apache.aries.jmx.api-1.1.0.jar
7f64f8008000-7f64f800b000 r--s 00013000 08:01 14821703                   /opt/git/liferay-portal/.gradle/caches/modules-2/files-2.1/com.netflix.nebula/gradle-extra-configurations-plugin/3.1.0/8f00e3d372f5526bca7d4cd9b6bc41547913f2e3/gradle-extra-configurations-plugin-3.1.0.jar
7f64f800b000-7f64f800d000 r--s 00002000 08:01 13377696                   /opt/git/liferay-portal/.gradle/caches/modules-2/files-2.1/com.liferay/com.liferay.gradle.plugins.whip/1.0.7/d6386f7b75606283a3998f8735572525d1002191/com.liferay.gradle.plugins.whip-1.0.7.jar
7f64f800d000-7f64f800f000 r--s 00006000 08:01 13369455                   /opt/git/liferay-portal/.gradle/caches/modules-2/files-2.1/com.liferay/com.liferay.gradle.plugins.poshi.runner/2.2.14/e1ce0d38c1152a98564c38eb4d42b6328a11c5b5/com.liferay.gradle.plugins.poshi.runner-2.2.14.jar
7f64f800f000-7f64f8011000 r--s 00005000 08:01 13377695                   /opt/git/liferay-portal/.gradle/caches/modules-2/files-2.1/com.liferay/com.liferay.gradle.plugins.patcher/1.0.16/71b693343ecd5e23300caa4ac246f5163ca402e7/com.liferay.gradle.plugins.patcher-1.0.16.jar
7f64f8011000-7f64f8013000 r--s 00003000 08:01 13377694                   /opt/git/liferay-portal/.gradle/caches/modules-2/files-2.1/com.liferay/com.liferay.gradle.plugins.lang.merger/1.1.2/cd0373c2ed0685ef901854c33d64f7844b11b53c/com.liferay.gradle.plugins.lang.merger-1.1.2.jar
7f64f8013000-7f64f8015000 r--s 00004000 08:01 13369459                   /opt/git/liferay-portal/.gradle/caches/modules-2/files-2.1/com.liferay/com.liferay.gradle.plugins.jsdoc/2.0.34/5c8b2316402931d6073abf90e996b4c3c27f268c/com.liferay.gradle.plugins.jsdoc-2.0.34.jar
7f64f8015000-7f64f8017000 r--s 00005000 08:01 13369454                   /opt/git/liferay-portal/.gradle/caches/modules-2/files-2.1/com.liferay/com.liferay.gradle.plugins.go/1.0.0/548159dc05572ba58575f2b48ffbf2248c727283/com.liferay.gradle.plugins.go-1.0.0.jar
7f64f8017000-7f64f8019000 r--s 00003000 08:01 13377691                   /opt/git/liferay-portal/.gradle/caches/modules-2/files-2.1/com.liferay/com.liferay.gradle.plugins.dependency.checker/1.0.3/129b29272f729fe19026722a28d68a59521c23d8/com.liferay.gradle.plugins.dependency.checker-1.0.3.jar
7f64f8019000-7f64f801a000 r--s 00004000 08:01 13377690                   /opt/git/liferay-portal/.gradle/caches/modules-2/files-2.1/com.liferay/com.liferay.gradle.plugins.change.log.builder/1.1.3/bc693b7f3cf70cdbbc6e65318897eef1b4c2f113/com.liferay.gradle.plugins.change.log.builder-1.1.3.jar
7f64f801a000-7f64f801c000 r--s 00005000 08:01 13377689                   /opt/git/liferay-portal/.gradle/caches/modules-2/files-2.1/com.liferay/com.liferay.gradle.plugins.cache/1.0.16/5397ac7fc2758a202f812687bb6489bcbbb40b74/com.liferay.gradle.plugins.cache-1.0.16.jar
7f64f801c000-7f64f801e000 r--s 00008000 08:01 13369453                   /opt/git/liferay-portal/.gradle/caches/modules-2/files-2.1/com.liferay/com.liferay.gradle.plugins.baseline/2.1.1/a8e112f1557979da2dc7e67aa1343dd5c6599366/com.liferay.gradle.plugins.baseline-2.1.1.jar
7f64f801e000-7f64f801f000 r--s 00003000 08:01 13377687                   /opt/git/liferay-portal/.gradle/caches/modules-2/files-2.1/com.liferay/com.liferay.gradle.plugins.app.javadoc.builder/1.2.2/1d7ac4c3a6548aed12a9000e34aaa5ab579ff620/com.liferay.gradle.plugins.app.javadoc.builder-1.2.2.jar
7f64f801f000-7f64f8026000 r--s 0003a000 08:01 13369452                   /opt/git/liferay-portal/.gradle/caches/modules-2/files-2.1/com.liferay/com.liferay.gradle.plugins/4.0.68/a838b768ce6fbdeb170fefe597efb3170a7387e6/com.liferay.gradle.plugins-4.0.68.jar
7f64f8026000-7f64f8032000 r--s 0006a000 08:01 1977208                    /opt/git/liferay-portal/.gradle/caches/modules-2/files-2.1/com.gradle.publish/plugin-publish-plugin/0.9.9/7105cd510691b4d49d30dc11cf09888153a27512/plugin-publish-plugin-0.9.9.jar
7f64f8032000-7f64f8039000 r--s 00068000 08:01 13369450                   /opt/git/liferay-portal/.gradle/caches/modules-2/files-2.1/com.github.jk1/gradle-license-report/1.8/3b10e17b0f9fd4b65b41e5a45e31968202238e8f/gradle-license-report-1.8.jar
7f64f8039000-7f64f805e000 r--s 002de000 08:01 16388001                   /opt/git/liferay-portal/.gradle/caches/modules-2/files-2.1/xalan/xalan/2.7.2/d55d3f02a56ec4c25695fe67e1334ff8c2ecea23/xalan-2.7.2.jar
7f64f805e000-7f64f8062000 r--s 0002b000 08:01 14821687                   /opt/git/liferay-portal/.gradle/caches/modules-2/files-2.1/gradle.plugin.org.ysb33r.gradle/gradletest/1.1/2784e724852698981f035a51faf86568385c8b11/gradletest-1.1.jar
7f64f8062000-7f64f8063000 r--s 00008000 08:01 6172974                    /opt/git/liferay-portal/.gradle/caches/modules-2/files-2.1/de.undercouch/gradle-download-task/3.3.0/ad0b59cc40d010934c2fa667a0f81cf239f9f5bd/gradle-download-task-3.3.0.jar
7f64f8063000-7f64f8066000 r--s 00008000 08:01 13369446                   /opt/git/liferay-portal/.gradle/caches/modules-2/files-2.1/com.liferay/com.liferay.gradle.plugins.maven.plugin.builder/1.2.4/babb30b8ad973eeaa2889db9cefa5963a9632ce1/com.liferay.gradle.plugins.maven.plugin.builder-1.2.4.jar
7f64f8066000-7f64f806f000 r--s 00056000 08:01 13369448                   /opt/git/liferay-portal/.gradle/caches/modules-2/files-2.1/com.liferay/com.liferay.gradle.plugins.defaults/5.6.23/5ecab2979edb671bc14d9cf66960dd789f593043/com.liferay.gradle.plugins.defaults-5.6.23.jar
7f64f806f000-7f64f80e8000 r--s 010fb000 08:01 8128604                    /opt/java/jdk1.8.0_191/lib/tools.jar
7f64f80e8000-7f64f82e8000 rw-p 00000000 00:00 0 
7f64f82e8000-7f64f82eb000 ---p 00000000 00:00 0 
7f64f82eb000-7f64f83e9000 rw-p 00000000 00:00 0 
7f64f83e9000-7f64f83ec000 ---p 00000000 00:00 0 
7f64f83ec000-7f64f84ea000 rw-p 00000000 00:00 0 
7f64f84ea000-7f64f84ed000 ---p 00000000 00:00 0 
7f64f84ed000-7f64f87eb000 rw-p 00000000 00:00 0 
7f64f87eb000-7f64f89eb000 rw-p 00000000 00:00 0 
7f64f89eb000-7f64f89ed000 r--s 00009000 08:01 16932091                   /opt/git/liferay-portal/.gradle/wrapper/dists/gradle-4.10.2.LIFERAY-PATCHED-3-bin/e7wcqe1ype7bnmhrlgjopgpge/gradle-4.10.2/lib/plugins/gradle-tooling-api-builders-4.10.2.jar
7f64f89ed000-7f64f89ef000 r--s 00003000 08:01 16932092                   /opt/git/liferay-portal/.gradle/wrapper/dists/gradle-4.10.2.LIFERAY-PATCHED-3-bin/e7wcqe1ype7bnmhrlgjopgpge/gradle-4.10.2/lib/plugins/gradle-tooling-native-4.10.2.jar
7f64f89ef000-7f64f89f3000 r--s 00019000 08:01 16932090                   /opt/git/liferay-portal/.gradle/wrapper/dists/gradle-4.10.2.LIFERAY-PATCHED-3-bin/e7wcqe1ype7bnmhrlgjopgpge/gradle-4.10.2/lib/plugins/gradle-testing-native-4.10.2.jar
7f64f89f3000-7f64f89f5000 r--s 0000d000 08:01 16932106                   /opt/git/liferay-portal/.gradle/wrapper/dists/gradle-4.10.2.LIFERAY-PATCHED-3-bin/e7wcqe1ype7bnmhrlgjopgpge/gradle-4.10.2/lib/plugins/jcommander-1.47.jar
7f64f89f5000-7f64f89fe000 r--s 00089000 08:01 16932407                   /opt/git/liferay-portal/.gradle/wrapper/dists/gradle-4.10.2.LIFERAY-PATCHED-3-bin/e7wcqe1ype7bnmhrlgjopgpge/gradle-4.10.2/lib/plugins/testng-6.3.1.jar
7f64f89fe000-7f64f8a03000 r--s 0005a000 08:01 16921138                   /opt/git/liferay-portal/.gradle/wrapper/dists/gradle-4.10.2.LIFERAY-PATCHED-3-bin/e7wcqe1ype7bnmhrlgjopgpge/gradle-4.10.2/lib/plugins/bsh-2.0b6.jar
7f64f8a03000-7f64f8a07000 r--s 0001c000 08:01 16932089                   /opt/git/liferay-portal/.gradle/wrapper/dists/gradle-4.10.2.LIFERAY-PATCHED-3-bin/e7wcqe1ype7bnmhrlgjopgpge/gradle-4.10.2/lib/plugins/gradle-testing-jvm-4.10.2.jar
7f64f8a07000-7f64f8a09000 r--s 0000e000 08:01 16932243                   /opt/git/liferay-portal/.gradle/wrapper/dists/gradle-4.10.2.LIFERAY-PATCHED-3-bin/e7wcqe1ype7bnmhrlgjopgpge/gradle-4.10.2/lib/plugins/junit-platform-commons-1.0.3.jar
7f64f8a09000-7f64f8a0a000 r--s 00001000 08:01 16932389                   /opt/git/liferay-portal/.gradle/wrapper/dists/gradle-4.10.2.LIFERAY-PATCHED-3-bin/e7wcqe1ype7bnmhrlgjopgpge/gradle-4.10.2/lib/plugins/opentest4j-1.0.0.jar
7f64f8a0a000-7f64f8a0d000 r--s 00013000 08:01 16932244                   /opt/git/liferay-portal/.gradle/wrapper/dists/gradle-4.10.2.LIFERAY-PATCHED-3-bin/e7wcqe1ype7bnmhrlgjopgpge/gradle-4.10.2/lib/plugins/junit-platform-engine-1.0.3.jar
7f64f8a0d000-7f64f8a0e000 r--s 00000000 08:01 16921130                   /opt/git/liferay-portal/.gradle/wrapper/dists/gradle-4.10.2.LIFERAY-PATCHED-3-bin/e7wcqe1ype7bnmhrlgjopgpge/gradle-4.10.2/lib/plugins/apiguardian-api-1.0.0.jar
7f64f8a0e000-7f64f8a10000 r--s 0000c000 08:01 16932245                   /opt/git/liferay-portal/.gradle/wrapper/dists/gradle-4.10.2.LIFERAY-PATCHED-3-bin/e7wcqe1ype7bnmhrlgjopgpge/gradle-4.10.2/lib/plugins/junit-platform-launcher-1.0.3.jar
7f64f8a10000-7f64f8a11000 r--s 00003000 08:01 16932088                   /opt/git/liferay-portal/.gradle/wrapper/dists/gradle-4.10.2.LIFERAY-PATCHED-3-bin/e7wcqe1ype7bnmhrlgjopgpge/gradle-4.10.2/lib/plugins/gradle-testing-junit-platform-4.10.2.jar
7f64f8a11000-7f64f8a19000 r--s 00034000 08:01 16932087                   /opt/git/liferay-portal/.gradle/wrapper/dists/gradle-4.10.2.LIFERAY-PATCHED-3-bin/e7wcqe1ype7bnmhrlgjopgpge/gradle-4.10.2/lib/plugins/gradle-testing-base-4.10.2.jar
7f64f8a19000-7f64f8a20000 r--s 00043000 08:01 16921135                   /opt/git/liferay-portal/.gradle/wrapper/dists/gradle-4.10.2.LIFERAY-PATCHED-3-bin/e7wcqe1ype7bnmhrlgjopgpge/gradle-4.10.2/lib/plugins/bcpg-jdk15on-1.58.jar
7f64f8a20000-7f64f8a23000 r--s 00010000 08:01 16932085                   /opt/git/liferay-portal/.gradle/wrapper/dists/gradle-4.10.2.LIFERAY-PATCHED-3-bin/e7wcqe1ype7bnmhrlgjopgpge/gradle-4.10.2/lib/plugins/gradle-signing-4.10.2.jar
7f64f8a23000-7f64f8a25000 r--s 00009000 08:01 16932084                   /opt/git/liferay-portal/.gradle/wrapper/dists/gradle-4.10.2.LIFERAY-PATCHED-3-bin/e7wcqe1ype7bnmhrlgjopgpge/gradle-4.10.2/lib/plugins/gradle-scala-4.10.2.jar
7f64f8a25000-7f64f8a26000 r--s 00004000 08:01 16932083                   /opt/git/liferay-portal/.gradle/wrapper/dists/gradle-4.10.2.LIFERAY-PATCHED-3-bin/e7wcqe1ype7bnmhrlgjopgpge/gradle-4.10.2/lib/plugins/gradle-resources-sftp-4.10.2.jar
7f64f8a26000-7f64f8a2f000 r--s 0005a000 08:01 16921133                   /opt/git/liferay-portal/.gradle/wrapper/dists/gradle-4.10.2.LIFERAY-PATCHED-3-bin/e7wcqe1ype7bnmhrlgjopgpge/gradle-4.10.2/lib/plugins/aws-java-sdk-kms-1.11.267.jar
7f64f8a2f000-7f64f8a31000 r--s 00005000 08:01 16932107                   /opt/git/liferay-portal/.gradle/wrapper/dists/gradle-4.10.2.LIFERAY-PATCHED-3-bin/e7wcqe1ype7bnmhrlgjopgpge/gradle-4.10.2/lib/plugins/jmespath-java-1.11.267.jar
7f64f8a31000-7f64f8a43000 r--s 000bb000 08:01 16921134                   /opt/git/liferay-portal/.gradle/wrapper/dists/gradle-4.10.2.LIFERAY-PATCHED-3-bin/e7wcqe1ype7bnmhrlgjopgpge/gradle-4.10.2/lib/plugins/aws-java-sdk-s3-1.11.267.jar
7f64f8a43000-7f64f8a4d000 r--s 00081000 08:01 16932099                   /opt/git/liferay-portal/.gradle/wrapper/dists/gradle-4.10.2.LIFERAY-PATCHED-3-bin/e7wcqe1ype7bnmhrlgjopgpge/gradle-4.10.2/lib/plugins/ion-java-1.0.2.jar
7f64f8a4d000-7f64f8a62000 r--s 000bd000 08:01 16921132                   /opt/git/liferay-portal/.gradle/wrapper/dists/gradle-4.10.2.LIFERAY-PATCHED-3-bin/e7wcqe1ype7bnmhrlgjopgpge/gradle-4.10.2/lib/plugins/aws-java-sdk-core-1.11.267.jar
7f64f8a62000-7f64f8a64000 r--s 00004000 08:01 16932082                   /opt/git/liferay-portal/.gradle/wrapper/dists/gradle-4.10.2.LIFERAY-PATCHED-3-bin/e7wcqe1ype7bnmhrlgjopgpge/gradle-4.10.2/lib/plugins/gradle-resources-s3-4.10.2.jar
7f64f8a64000-7f64f8a74000 r--s 00088000 08:01 16932199                   /opt/git/liferay-portal/.gradle/wrapper/dists/gradle-4.10.2.LIFERAY-PATCHED-3-bin/e7wcqe1ype7bnmhrlgjopgpge/gradle-4.10.2/lib/plugins/joda-time-2.8.2.jar
7f64f8a74000-7f64f8a87000 r--s 00136000 08:01 16932103                   /opt/git/liferay-portal/.gradle/wrapper/dists/gradle-4.10.2.LIFERAY-PATCHED-3-bin/e7wcqe1ype7bnmhrlgjopgpge/gradle-4.10.2/lib/plugins/jackson-databind-2.9.4.jar
7f64f8a87000-7f64f8a8a000 r--s 0000e000 08:01 16932101                   /opt/git/liferay-portal/.gradle/wrapper/dists/gradle-4.10.2.LIFERAY-PATCHED-3-bin/e7wcqe1ype7bnmhrlgjopgpge/gradle-4.10.2/lib/plugins/jackson-annotations-2.9.4.jar
7f64f8a8a000-7f64f8a8e000 r--s 0004b000 08:01 16932102                   /opt/git/liferay-portal/.gradle/wrapper/dists/gradle-4.10.2.LIFERAY-PATCHED-3-bin/e7wcqe1ype7bnmhrlgjopgpge/gradle-4.10.2/lib/plugins/jackson-core-2.9.4.jar
7f64f8a8e000-7f64f8a8f000 r--s 00001000 08:01 16921145                   /opt/git/liferay-portal/.gradle/wrapper/dists/gradle-4.10.2.LIFERAY-PATCHED-3-bin/e7wcqe1ype7bnmhrlgjopgpge/gradle-4.10.2/lib/plugins/google-http-client-jackson2-1.23.0.jar
7f64f8a8f000-7f64f8a98000 r--s 0004f000 08:01 16921144                   /opt/git/liferay-portal/.gradle/wrapper/dists/gradle-4.10.2.LIFERAY-PATCHED-3-bin/e7wcqe1ype7bnmhrlgjopgpge/gradle-4.10.2/lib/plugins/google-http-client-1.23.0.jar
7f64f8a98000-7f64f8a9b000 r--s 0000d000 08:01 16921146                   /opt/git/liferay-portal/.gradle/wrapper/dists/gradle-4.10.2.LIFERAY-PATCHED-3-bin/e7wcqe1ype7bnmhrlgjopgpge/gradle-4.10.2/lib/plugins/google-oauth-client-1.23.0.jar
7f64f8a9b000-7f64f8aa0000 r--s 0002c000 08:01 16921142                   /opt/git/liferay-portal/.gradle/wrapper/dists/gradle-4.10.2.LIFERAY-PATCHED-3-bin/e7wcqe1ype7bnmhrlgjopgpge/gradle-4.10.2/lib/plugins/google-api-client-1.23.0.jar
7f64f8aa0000-7f64f8aa4000 r--s 0001c000 08:01 16921143                   /opt/git/liferay-portal/.gradle/wrapper/dists/gradle-4.10.2.LIFERAY-PATCHED-3-bin/e7wcqe1ype7bnmhrlgjopgpge/gradle-4.10.2/lib/plugins/google-api-services-storage-v1-rev116-1.23.0.jar
7f64f8aa4000-7f64f8aa6000 r--s 00003000 08:01 16932081                   /opt/git/liferay-portal/.gradle/wrapper/dists/gradle-4.10.2.LIFERAY-PATCHED-3-bin/e7wcqe1ype7bnmhrlgjopgpge/gradle-4.10.2/lib/plugins/gradle-resources-gcs-4.10.2.jar
7f64f8aa6000-7f64f8aa9000 r--s 0000f000 08:01 16932080                   /opt/git/liferay-portal/.gradle/wrapper/dists/gradle-4.10.2.LIFERAY-PATCHED-3-bin/e7wcqe1ype7bnmhrlgjopgpge/gradle-4.10.2/lib/plugins/gradle-reporting-4.10.2.jar
7f64f8aa9000-7f64f8aab000 r--s 00007000 08:01 16932079                   /opt/git/liferay-portal/.gradle/wrapper/dists/gradle-4.10.2.LIFERAY-PATCHED-3-bin/e7wcqe1ype7bnmhrlgjopgpge/gradle-4.10.2/lib/plugins/gradle-publish-4.10.2.jar
7f64f8aab000-7f64f8aad000 r--s 00009000 08:01 16921139                   /opt/git/liferay-portal/.gradle/wrapper/dists/gradle-4.10.2.LIFERAY-PATCHED-3-bin/e7wcqe1ype7bnmhrlgjopgpge/gradle-4.10.2/lib/plugins/commons-cli-1.2.jar
7f64f8aad000-7f64f8ab3000 r--s 0003e000 08:01 16932078                   /opt/git/liferay-portal/.gradle/wrapper/dists/gradle-4.10.2.LIFERAY-PATCHED-3-bin/e7wcqe1ype7bnmhrlgjopgpge/gradle-4.10.2/lib/plugins/gradle-plugins-4.10.2.jar
7f64f8ab3000-7f64f8ab5000 r--s 0000b000 08:01 16932076                   /opt/git/liferay-portal/.gradle/wrapper/dists/gradle-4.10.2.LIFERAY-PATCHED-3-bin/e7wcqe1ype7bnmhrlgjopgpge/gradle-4.10.2/lib/plugins/gradle-plugin-development-4.10.2.jar
7f64f8ab5000-7f64f8abb000 r--s 00030000 08:01 16932075                   /opt/git/liferay-portal/.gradle/wrapper/dists/gradle-4.10.2.LIFERAY-PATCHED-3-bin/e7wcqe1ype7bnmhrlgjopgpge/gradle-4.10.2/lib/plugins/gradle-platform-play-4.10.2.jar
7f64f8abb000-7f64f8ac1000 r--s 00033000 08:01 16932406                   /opt/git/liferay-portal/.gradle/wrapper/dists/gradle-4.10.2.LIFERAY-PATCHED-3-bin/e7wcqe1ype7bnmhrlgjopgpge/gradle-4.10.2/lib/plugins/snakeyaml-1.6.jar
7f64f8ac1000-7f64f8ad2000 r--s 00075000 08:01 16932074                   /opt/git/liferay-portal/.gradle/wrapper/dists/gradle-4.10.2.LIFERAY-PATCHED-3-bin/e7wcqe1ype7bnmhrlgjopgpge/gradle-4.10.2/lib/plugins/gradle-platform-native-4.10.2.jar
7f64f8ad2000-7f64f8ad6000 r--s 0001b000 08:01 16932073                   /opt/git/liferay-portal/.gradle/wrapper/dists/gradle-4.10.2.LIFERAY-PATCHED-3-bin/e7wcqe1ype7bnmhrlgjopgpge/gradle-4.10.2/lib/plugins/gradle-platform-jvm-4.10.2.jar
7f64f8ad6000-7f64f8add000 r--s 00029000 08:01 16932072                   /opt/git/liferay-portal/.gradle/wrapper/dists/gradle-4.10.2.LIFERAY-PATCHED-3-bin/e7wcqe1ype7bnmhrlgjopgpge/gradle-4.10.2/lib/plugins/gradle-platform-base-4.10.2.jar
7f64f8add000-7f64f8b08000 r--s 00247000 08:01 16921137                   /opt/git/liferay-portal/.gradle/wrapper/dists/gradle-4.10.2.LIFERAY-PATCHED-3-bin/e7wcqe1ype7bnmhrlgjopgpge/gradle-4.10.2/lib/plugins/biz.aQute.bndlib-3.4.0.jar
7f64f8b08000-7f64f8b09000 r--s 00004000 08:01 16932071                   /opt/git/liferay-portal/.gradle/wrapper/dists/gradle-4.10.2.LIFERAY-PATCHED-3-bin/e7wcqe1ype7bnmhrlgjopgpge/gradle-4.10.2/lib/plugins/gradle-osgi-4.10.2.jar
7f64f8b09000-7f64f8b0c000 r--s 0000c000 08:01 16932403                   /opt/git/liferay-portal/.gradle/wrapper/dists/gradle-4.10.2.LIFERAY-PATCHED-3-bin/e7wcqe1ype7bnmhrlgjopgpge/gradle-4.10.2/lib/plugins/pmaven-groovy-0.8-20100325.jar
7f64f8b0c000-7f64f8b0d000 r--s 00004000 08:01 16932402                   /opt/git/liferay-portal/.gradle/wrapper/dists/gradle-4.10.2.LIFERAY-PATCHED-3-bin/e7wcqe1ype7bnmhrlgjopgpge/gradle-4.10.2/lib/plugins/pmaven-common-0.8-20100325.jar
7f64f8b0d000-7f64f8b0e000 r--s 00007000 08:01 16932410                   /opt/git/liferay-portal/.gradle/wrapper/dists/gradle-4.10.2.LIFERAY-PATCHED-3-bin/e7wcqe1ype7bnmhrlgjopgpge/gradle-4.10.2/lib/plugins/wagon-http-shared4-2.4.jar
7f64f8b0e000-7f64f8b0f000 r--s 00002000 08:01 16932409                   /opt/git/liferay-portal/.gradle/wrapper/dists/gradle-4.10.2.LIFERAY-PATCHED-3-bin/e7wcqe1ype7bnmhrlgjopgpge/gradle-4.10.2/lib/plugins/wagon-http-2.4.jar
7f64f8b0f000-7f64f8b10000 r--s 00002000 08:01 16932408                   /opt/git/liferay-portal/.gradle/wrapper/dists/gradle-4.10.2.LIFERAY-PATCHED-3-bin/e7wcqe1ype7bnmhrlgjopgpge/gradle-4.10.2/lib/plugins/wagon-file-2.4.jar
7f64f8b10000-7f64f8b12000 r--s 00006000 08:01 16921126                   /opt/git/liferay-portal/.gradle/wrapper/dists/gradle-4.10.2.LIFERAY-PATCHED-3-bin/e7wcqe1ype7bnmhrlgjopgpge/gradle-4.10.2/lib/plugins/aether-connector-wagon-1.13.1.jar
7f64f8b12000-7f64f8b19000 r--s 0002d000 08:01 16932070                   /opt/git/liferay-portal/.gradle/wrapper/dists/gradle-4.10.2.LIFERAY-PATCHED-3-bin/e7wcqe1ype7bnmhrlgjopgpge/gradle-4.10.2/lib/plugins/gradle-maven-4.10.2.jar
7f64f8b19000-7f64f8b1c000 r--s 0000b000 08:01 16932069                   /opt/git/liferay-portal/.gradle/wrapper/dists/gradle-4.10.2.LIFERAY-PATCHED-3-bin/e7wcqe1ype7bnmhrlgjopgpge/gradle-4.10.2/lib/plugins/gradle-language-scala-4.10.2.jar
7f64f8b1c000-7f64f8b28000 r--s 0005d000 08:01 16924614                   /opt/git/liferay-portal/.gradle/wrapper/dists/gradle-4.10.2.LIFERAY-PATCHED-3-bin/e7wcqe1ype7bnmhrlgjopgpge/gradle-4.10.2/lib/plugins/gradle-language-native-4.10.2.jar
7f64f8b28000-7f64f8b2a000 r--s 00005000 08:01 16923247                   /opt/git/liferay-portal/.gradle/wrapper/dists/gradle-4.10.2.LIFERAY-PATCHED-3-bin/e7wcqe1ype7bnmhrlgjopgpge/gradle-4.10.2/lib/plugins/gradle-language-jvm-4.10.2.jar
7f64f8b2a000-7f64f8b32000 r--s 0003e000 08:01 16921164                   /opt/git/liferay-portal/.gradle/wrapper/dists/gradle-4.10.2.LIFERAY-PATCHED-3-bin/e7wcqe1ype7bnmhrlgjopgpge/gradle-4.10.2/lib/plugins/gradle-language-java-4.10.2.jar
7f64f8b32000-7f64f8b34000 r--s 0000b000 08:01 16921163                   /opt/git/liferay-portal/.gradle/wrapper/dists/gradle-4.10.2.LIFERAY-PATCHED-3-bin/e7wcqe1ype7bnmhrlgjopgpge/gradle-4.10.2/lib/plugins/gradle-language-groovy-4.10.2.jar
7f64f8b34000-7f64f8b3b000 r--s 00035000 08:01 16932405                   /opt/git/liferay-portal/.gradle/wrapper/dists/gradle-4.10.2.LIFERAY-PATCHED-3-bin/e7wcqe1ype7bnmhrlgjopgpge/gradle-4.10.2/lib/plugins/simple-4.1.21.jar
7f64f8b3b000-7f64f8b47000 r--s 00100000 08:01 16932404                   /opt/git/liferay-portal/.gradle/wrapper/dists/gradle-4.10.2.LIFERAY-PATCHED-3-bin/e7wcqe1ype7bnmhrlgjopgpge/gradle-4.10.2/lib/plugins/rhino-1.7R3.jar
7f64f8b47000-7f64f8b4b000 r--s 00012000 08:01 16921162                   /opt/git/liferay-portal/.gradle/wrapper/dists/gradle-4.10.2.LIFERAY-PATCHED-3-bin/e7wcqe1ype7bnmhrlgjopgpge/gradle-4.10.2/lib/plugins/gradle-javascript-4.10.2.jar
7f64f8b4b000-7f64f8b4f000 r--s 00010000 08:01 16921161                   /opt/git/liferay-portal/.gradle/wrapper/dists/gradle-4.10.2.LIFERAY-PATCHED-3-bin/e7wcqe1ype7bnmhrlgjopgpge/gradle-4.10.2/lib/plugins/gradle-jacoco-4.10.2.jar
7f64f8b4f000-7f64f8b52000 r--s 00013000 08:01 16921160                   /opt/git/liferay-portal/.gradle/wrapper/dists/gradle-4.10.2.LIFERAY-PATCHED-3-bin/e7wcqe1ype7bnmhrlgjopgpge/gradle-4.10.2/lib/plugins/gradle-ivy-4.10.2.jar
7f64f8b52000-7f64f8b53000 r--s 00002000 08:01 16921159                   /opt/git/liferay-portal/.gradle/wrapper/dists/gradle-4.10.2.LIFERAY-PATCHED-3-bin/e7wcqe1ype7bnmhrlgjopgpge/gradle-4.10.2/lib/plugins/gradle-ide-play-4.10.2.jar
7f64f8b53000-7f64f8b54000 r--s 00011000 08:01 16921141                   /opt/git/liferay-portal/.gradle/wrapper/dists/gradle-4.10.2.LIFERAY-PATCHED-3-bin/e7wcqe1ype7bnmhrlgjopgpge/gradle-4.10.2/lib/plugins/dd-plist-1.20.jar
7f64f8b54000-7f64f8b5b000 r--s 00032000 08:01 16921158                   /opt/git/liferay-portal/.gradle/wrapper/dists/gradle-4.10.2.LIFERAY-PATCHED-3-bin/e7wcqe1ype7bnmhrlgjopgpge/gradle-4.10.2/lib/plugins/gradle-ide-native-4.10.2.jar
7f64f8b5b000-7f64f8b65000 r--s 0005c000 08:01 16921157                   /opt/git/liferay-portal/.gradle/wrapper/dists/gradle-4.10.2.LIFERAY-PATCHED-3-bin/e7wcqe1ype7bnmhrlgjopgpge/gradle-4.10.2/lib/plugins/gradle-ide-4.10.2.jar
7f64f8b65000-7f64f8b67000 r--s 00008000 08:01 16921156                   /opt/git/liferay-portal/.gradle/wrapper/dists/gradle-4.10.2.LIFERAY-PATCHED-3-bin/e7wcqe1ype7bnmhrlgjopgpge/gradle-4.10.2/lib/plugins/gradle-ear-4.10.2.jar
7f64f8b67000-7f64f8b69000 r--s 00005000 08:01 16932104                   /opt/git/liferay-portal/.gradle/wrapper/dists/gradle-4.10.2.LIFERAY-PATCHED-3-bin/e7wcqe1ype7bnmhrlgjopgpge/gradle-4.10.2/lib/plugins/jatl-0.2.2.jar
7f64f8b69000-7f64f8b70000 r--s 0003d000 08:01 16921155                   /opt/git/liferay-portal/.gradle/wrapper/dists/gradle-4.10.2.LIFERAY-PATCHED-3-bin/e7wcqe1ype7bnmhrlgjopgpge/gradle-4.10.2/lib/plugins/gradle-diagnostics-4.10.2.jar
7f64f8b70000-7f64f8b75000 r--s 00028000 08:01 16921152                   /opt/git/liferay-portal/.gradle/wrapper/dists/gradle-4.10.2.LIFERAY-PATCHED-3-bin/e7wcqe1ype7bnmhrlgjopgpge/gradle-4.10.2/lib/plugins/gradle-code-quality-4.10.2.jar
7f64f8b75000-7f64f8b77000 r--s 0000b000 08:01 16932384                   /opt/git/liferay-portal/.gradle/wrapper/dists/gradle-4.10.2.LIFERAY-PATCHED-3-bin/e7wcqe1ype7bnmhrlgjopgpge/gradle-4.10.2/lib/plugins/maven-plugin-api-3.0.4.jar
7f64f8b77000-7f64f8b79000 r--s 0000b000 08:01 16932411                   /opt/git/liferay-portal/.gradle/wrapper/dists/gradle-4.10.2.LIFERAY-PATCHED-3-bin/e7wcqe1ype7bnmhrlgjopgpge/gradle-4.10.2/lib/plugins/wagon-provider-api-2.4.jar
7f64f8b79000-7f64f8b7f000 r--s 0003f000 08:01 16932377                   /opt/git/liferay-portal/.gradle/wrapper/dists/gradle-4.10.2.LIFERAY-PATCHED-3-bin/e7wcqe1ype7bnmhrlgjopgpge/gradle-4.10.2/lib/plugins/maven-compat-3.0.4.jar
7f64f8b7f000-7f64f8b83000 r--s 0001d000 08:01 16932413                   /opt/git/liferay-portal/.gradle/wrapper/dists/gradle-4.10.2.LIFERAY-PATCHED-3-bin/e7wcqe1ype7bnmhrlgjopgpge/gradle-4.10.2/lib/plugins/xbean-reflect-3.4.jar
7f64f8b83000-7f64f8b85000 r--s 00009000 08:01 16932096                   /opt/git/liferay-portal/.gradle/wrapper/dists/gradle-4.10.2.LIFERAY-PATCHED-3-bin/e7wcqe1ype7bnmhrlgjopgpge/gradle-4.10.2/lib/plugins/hamcrest-core-1.3.jar
7f64f8b85000-7f64f8b8d000 r--s 00045000 08:01 16932242                   /opt/git/liferay-portal/.gradle/wrapper/dists/gradle-4.10.2.LIFERAY-PATCHED-3-bin/e7wcqe1ype7bnmhrlgjopgpge/gradle-4.10.2/lib/plugins/junit-4.12.jar
7f64f8b8d000-7f64f8b8f000 r--s 0000a000 08:01 16932393                   /opt/git/liferay-portal/.gradle/wrapper/dists/gradle-4.10.2.LIFERAY-PATCHED-3-bin/e7wcqe1ype7bnmhrlgjopgpge/gradle-4.10.2/lib/plugins/plexus-classworlds-2.4.jar
7f64f8b8f000-7f64f8b96000 r--s 0002e000 08:01 16932395                   /opt/git/liferay-portal/.gradle/wrapper/dists/gradle-4.10.2.LIFERAY-PATCHED-3-bin/e7wcqe1ype7bnmhrlgjopgpge/gradle-4.10.2/lib/plugins/plexus-container-default-1.5.5.jar
7f64f8b96000-7f64f8b9c000 r--s 00026000 08:01 16921151                   /opt/git/liferay-portal/.gradle/wrapper/dists/gradle-4.10.2.LIFERAY-PATCHED-3-bin/e7wcqe1ype7bnmhrlgjopgpge/gradle-4.10.2/lib/plugins/gradle-build-init-4.10.2.jar
7f64f8b9c000-7f64f8ba3000 r--s 0002d000 08:01 16921150                   /opt/git/liferay-portal/.gradle/wrapper/dists/gradle-4.10.2.LIFERAY-PATCHED-3-bin/e7wcqe1ype7bnmhrlgjopgpge/gradle-4.10.2/lib/plugins/gradle-build-comparison-4.10.2.jar
7f64f8ba3000-7f64f8ba4000 r--s 00002000 08:01 16921149                   /opt/git/liferay-portal/.gradle/wrapper/dists/gradle-4.10.2.LIFERAY-PATCHED-3-bin/e7wcqe1ype7bnmhrlgjopgpge/gradle-4.10.2/lib/plugins/gradle-build-cache-http-4.10.2.jar
7f64f8ba4000-7f64f8ba6000 r--s 00009000 08:01 16921148                   /opt/git/liferay-portal/.gradle/wrapper/dists/gradle-4.10.2.LIFERAY-PATCHED-3-bin/e7wcqe1ype7bnmhrlgjopgpge/gradle-4.10.2/lib/plugins/gradle-antlr-4.10.2.jar
7f64f8ba6000-7f64f8ba8000 r--s 00004000 08:01 16921147                   /opt/git/liferay-portal/.gradle/wrapper/dists/gradle-4.10.2.LIFERAY-PATCHED-3-bin/e7wcqe1ype7bnmhrlgjopgpge/gradle-4.10.2/lib/plugins/gradle-announce-4.10.2.jar
7f64f8ba8000-7f64f8baa000 r--s 00011000 08:01 16921075                   /opt/git/liferay-portal/.gradle/wrapper/dists/gradle-4.10.2.LIFERAY-PATCHED-3-bin/e7wcqe1ype7bnmhrlgjopgpge/gradle-4.10.2/lib/gradle-kotlin-dsl-tooling-builders-1.0-rc-6.jar
7f64f8baa000-7f64f8bac000 r--s 00005000 08:01 16921074                   /opt/git/liferay-portal/.gradle/wrapper/dists/gradle-4.10.2.LIFERAY-PATCHED-3-bin/e7wcqe1ype7bnmhrlgjopgpge/gradle-4.10.2/lib/gradle-kotlin-dsl-provider-plugins-1.0-rc-6.jar
7f64f8bac000-7f64f8bae000 r--s 0000c000 08:01 16932077                   /opt/git/liferay-portal/.gradle/wrapper/dists/gradle-4.10.2.LIFERAY-PATCHED-3-bin/e7wcqe1ype7bnmhrlgjopgpge/gradle-4.10.2/lib/plugins/gradle-plugin-use-4.10.2.jar
7f64f8bae000-7f64f8baf000 r--s 00000000 08:01 16921086                   /opt/git/liferay-portal/.gradle/wrapper/dists/gradle-4.10.2.LIFERAY-PATCHED-3-bin/e7wcqe1ype7bnmhrlgjopgpge/gradle-4.10.2/lib/gradle-runtime-api-info-4.10.2.jar
7f64f8baf000-7f64f8bc8000 r--s 0013a000 08:01 16932414                   /opt/git/liferay-portal/.gradle/wrapper/dists/gradle-4.10.2.LIFERAY-PATCHED-3-bin/e7wcqe1ype7bnmhrlgjopgpge/gradle-4.10.2/lib/plugins/xercesImpl-2.12.0.jar
7f64f8bc8000-7f64f8bcb000 r--s 0001c000 08:01 16932388                   /opt/git/liferay-portal/.gradle/wrapper/dists/gradle-4.10.2.LIFERAY-PATCHED-3-bin/e7wcqe1ype7bnmhrlgjopgpge/gradle-4.10.2/lib/plugins/nekohtml-1.9.20.jar
7f64f8bcb000-7f64f8bd3000 r-xp 00000000 08:01 8257786                    /opt/java/jdk1.8.0_191/jre/lib/amd64/libmanagement.so
7f64f8bd3000-7f64f8dd3000 ---p 00008000 08:01 8257786                    /opt/java/jdk1.8.0_191/jre/lib/amd64/libmanagement.so
7f64f8dd3000-7f64f8dd4000 r--p 00008000 08:01 8257786                    /opt/java/jdk1.8.0_191/jre/lib/amd64/libmanagement.so
7f64f8dd4000-7f64f8dd5000 rw-p 00009000 08:01 8257786                    /opt/java/jdk1.8.0_191/jre/lib/amd64/libmanagement.so
7f64f8dd5000-7f64f8dfa000 r-xp 00000000 08:01 13112123                   /lib/x86_64-linux-gnu/libtinfo.so.5.9
7f64f8dfa000-7f64f8ffa000 ---p 00025000 08:01 13112123                   /lib/x86_64-linux-gnu/libtinfo.so.5.9
7f64f8ffa000-7f64f8ffe000 r--p 00025000 08:01 13112123                   /lib/x86_64-linux-gnu/libtinfo.so.5.9
7f64f8ffe000-7f64f8fff000 rw-p 00029000 08:01 13112123                   /lib/x86_64-linux-gnu/libtinfo.so.5.9
7f64f8fff000-7f64fc000000 rw-p 00000000 00:00 0 
7f64fc000000-7f64fc039000 rw-p 00000000 00:00 0 
7f64fc039000-7f6500000000 ---p 00000000 00:00 0 
7f6500000000-7f6500006000 r--s 0005b000 08:01 16932105                   /opt/git/liferay-portal/.gradle/wrapper/dists/gradle-4.10.2.LIFERAY-PATCHED-3-bin/e7wcqe1ype7bnmhrlgjopgpge/gradle-4.10.2/lib/plugins/jcifs-1.3.17.jar
7f6500006000-7f6500009000 r--s 00010000 08:01 16932457                   /opt/git/liferay-portal/.gradle/wrapper/dists/gradle-4.10.2.LIFERAY-PATCHED-3-bin/e7wcqe1ype7bnmhrlgjopgpge/gradle-4.10.2/lib/plugins/gradle-resources-http-4.10.2.LIFERAY-PATCHED-3.jar
7f6500009000-7f650000e000 r--s 00040000 08:01 16932241                   /opt/git/liferay-portal/.gradle/wrapper/dists/gradle-4.10.2.LIFERAY-PATCHED-3-bin/e7wcqe1ype7bnmhrlgjopgpge/gradle-4.10.2/lib/plugins/jsch-0.1.54.jar
7f650000e000-7f6500031000 r--s 00223000 08:01 16932390                   /opt/git/liferay-portal/.gradle/wrapper/dists/gradle-4.10.2.LIFERAY-PATCHED-3-bin/e7wcqe1ype7bnmhrlgjopgpge/gradle-4.10.2/lib/plugins/org.eclipse.jgit-4.5.3.201708160445-r.jar
7f6500031000-7f6500038000 r--s 00049000 08:01 16932098                   /opt/git/liferay-portal/.gradle/wrapper/dists/gradle-4.10.2.LIFERAY-PATCHED-3-bin/e7wcqe1ype7bnmhrlgjopgpge/gradle-4.10.2/lib/plugins/httpcore-4.4.9.jar
7f6500038000-7f650003f000 r--s 0003f000 08:01 16921140                   /opt/git/liferay-portal/.gradle/wrapper/dists/gradle-4.10.2.LIFERAY-PATCHED-3-bin/e7wcqe1ype7bnmhrlgjopgpge/gradle-4.10.2/lib/plugins/commons-codec-1.10.jar
7f650003f000-7f650004d000 r--s 000ae000 08:01 16932097                   /opt/git/liferay-portal/.gradle/wrapper/dists/gradle-4.10.2.LIFERAY-PATCHED-3-bin/e7wcqe1ype7bnmhrlgjopgpge/gradle-4.10.2/lib/plugins/httpclient-4.5.5.jar
7f650004d000-7f650004f000 r--s 0000c000 08:01 16932093                   /opt/git/liferay-portal/.gradle/wrapper/dists/gradle-4.10.2.LIFERAY-PATCHED-3-bin/e7wcqe1ype7bnmhrlgjopgpge/gradle-4.10.2/lib/plugins/gradle-version-control-4.10.2.jar
7f650004f000-7f6500051000 r--s 0000d000 08:01 16921153                   /opt/git/liferay-portal/.gradle/wrapper/dists/gradle-4.10.2.LIFERAY-PATCHED-3-bin/e7wcqe1ype7bnmhrlgjopgpge/gradle-4.10.2/lib/plugins/gradle-composite-builds-4.10.2.jar
7f6500051000-7f6500052000 r--s 00000000 08:01 16921071                   /opt/git/liferay-portal/.gradle/wrapper/dists/gradle-4.10.2.LIFERAY-PATCHED-3-bin/e7wcqe1ype7bnmhrlgjopgpge/gradle-4.10.2/lib/gradle-installation-beacon-4.10.2.jar
7f6500052000-7f6500054000 r--s 00006000 08:01 16932385                   /opt/git/liferay-portal/.gradle/wrapper/dists/gradle-4.10.2.LIFERAY-PATCHED-3-bin/e7wcqe1ype7bnmhrlgjopgpge/gradle-4.10.2/lib/plugins/maven-repository-metadata-3.0.4.jar
7f6500054000-7f6500056000 r--s 0000c000 08:01 16932246                   /opt/git/liferay-portal/.gradle/wrapper/dists/gradle-4.10.2.LIFERAY-PATCHED-3-bin/e7wcqe1ype7bnmhrlgjopgpge/gradle-4.10.2/lib/plugins/maven-aether-provider-3.0.4.jar
7f6500056000-7f650005a000 r--s 00021000 08:01 16932383                   /opt/git/liferay-portal/.gradle/wrapper/dists/gradle-4.10.2.LIFERAY-PATCHED-3-bin/e7wcqe1ype7bnmhrlgjopgpge/gradle-4.10.2/lib/plugins/maven-model-builder-3.0.4.jar
7f650005a000-7f650005c000 r--s 00026000 08:01 16932382                   /opt/git/liferay-portal/.gradle/wrapper/dists/gradle-4.10.2.LIFERAY-PATCHED-3-bin/e7wcqe1ype7bnmhrlgjopgpge/gradle-4.10.2/lib/plugins/maven-model-3.0.4.jar
7f650005c000-7f650005e000 r--s 0000a000 08:01 16932386                   /opt/git/liferay-portal/.gradle/wrapper/dists/gradle-4.10.2.LIFERAY-PATCHED-3-bin/e7wcqe1ype7bnmhrlgjopgpge/gradle-4.10.2/lib/plugins/maven-settings-3.0.4.jar
7f650005e000-7f6500060000 r--s 00002000 08:01 16932391                   /opt/git/liferay-portal/.gradle/wrapper/dists/gradle-4.10.2.LIFERAY-PATCHED-3-bin/e7wcqe1ype7bnmhrlgjopgpge/gradle-4.10.2/lib/plugins/plexus-cipher-1.7.jar
7f6500060000-7f6500061000 r--s 00006000 08:01 16932397                   /opt/git/liferay-portal/.gradle/wrapper/dists/gradle-4.10.2.LIFERAY-PATCHED-3-bin/e7wcqe1ype7bnmhrlgjopgpge/gradle-4.10.2/lib/plugins/plexus-sec-dispatcher-1.3.jar
7f6500061000-7f6500063000 r--s 0000d000 08:01 16932396                   /opt/git/liferay-portal/.gradle/wrapper/dists/gradle-4.10.2.LIFERAY-PATCHED-3-bin/e7wcqe1ype7bnmhrlgjopgpge/gradle-4.10.2/lib/plugins/plexus-interpolation-1.14.jar
7f6500063000-7f6500065000 r--s 00000000 08:01 16932394                   /opt/git/liferay-portal/.gradle/wrapper/dists/gradle-4.10.2.LIFERAY-PATCHED-3-bin/e7wcqe1ype7bnmhrlgjopgpge/gradle-4.10.2/lib/plugins/plexus-component-annotations-1.5.5.jar
7f6500065000-7f6500068000 r--s 00008000 08:01 16932387                   /opt/git/liferay-portal/.gradle/wrapper/dists/gradle-4.10.2.LIFERAY-PATCHED-3-bin/e7wcqe1ype7bnmhrlgjopgpge/gradle-4.10.2/lib/plugins/maven-settings-builder-3.0.4.jar
7f6500068000-7f650006c000 r--s 00035000 08:01 16932401                   /opt/git/liferay-portal/.gradle/wrapper/dists/gradle-4.10.2.LIFERAY-PATCHED-3-bin/e7wcqe1ype7bnmhrlgjopgpge/gradle-4.10.2/lib/plugins/plexus-utils-3.0.8.jar
7f650006c000-7f650006e000 r--s 0000b000 08:01 16932351                   /opt/git/liferay-portal/.gradle/wrapper/dists/gradle-4.10.2.LIFERAY-PATCHED-3-bin/e7wcqe1ype7bnmhrlgjopgpge/gradle-4.10.2/lib/plugins/maven-artifact-3.0.4.jar
7f650006e000-7f650007a000 r--s 0007d000 08:01 16932379                   /opt/git/liferay-portal/.gradle/wrapper/dists/gradle-4.10.2.LIFERAY-PATCHED-3-bin/e7wcqe1ype7bnmhrlgjopgpge/gradle-4.10.2/lib/plugins/maven-core-3.0.4.jar
7f650007a000-7f6500089000 r--s 000d9000 08:01 16932100                   /opt/git/liferay-portal/.gradle/wrapper/dists/gradle-4.10.2.LIFERAY-PATCHED-3-bin/e7wcqe1ype7bnmhrlgjopgpge/gradle-4.10.2/lib/plugins/ivy-2.2.0.jar
7f6500089000-7f65000dc000 r--s 00373000 08:01 16921136                   /opt/git/liferay-portal/.gradle/wrapper/dists/gradle-4.10.2.LIFERAY-PATCHED-3-bin/e7wcqe1ype7bnmhrlgjopgpge/gradle-4.10.2/lib/plugins/bcprov-jdk15on-1.58.jar
7f65000dc000-7f650010c000 r--s 0018f000 08:01 16921154                   /opt/git/liferay-portal/.gradle/wrapper/dists/gradle-4.10.2.LIFERAY-PATCHED-3-bin/e7wcqe1ype7bnmhrlgjopgpge/gradle-4.10.2/lib/plugins/gradle-dependency-management-4.10.2.jar
7f650010c000-7f650010f000 ---p 00000000 00:00 0 
7f650010f000-7f650020d000 rw-p 00000000 00:00 0 
7f650020d000-7f650022e000 r-xp 00000000 08:01 13112038                   /lib/x86_64-linux-gnu/libncurses.so.5.9
7f650022e000-7f650042e000 ---p 00021000 08:01 13112038                   /lib/x86_64-linux-gnu/libncurses.so.5.9
7f650042e000-7f650042f000 r--p 00021000 08:01 13112038                   /lib/x86_64-linux-gnu/libncurses.so.5.9
7f650042f000-7f6500430000 rw-p 00022000 08:01 13112038                   /lib/x86_64-linux-gnu/libncurses.so.5.9
7f6500430000-7f6500433000 r-xp 00000000 08:01 14947459                   /opt/git/liferay-portal/.gradle/native/25/linux-amd64-ncurses5/libnative-platform-curses.so
7f6500433000-7f6500633000 ---p 00003000 08:01 14947459                   /opt/git/liferay-portal/.gradle/native/25/linux-amd64-ncurses5/libnative-platform-curses.so
7f6500633000-7f6500634000 rw-p 00003000 08:01 14947459                   /opt/git/liferay-portal/.gradle/native/25/linux-amd64-ncurses5/libnative-platform-curses.so
7f6500634000-7f650064b000 r-xp 00000000 08:01 13111979                   /lib/x86_64-linux-gnu/libgcc_s.so.1
7f650064b000-7f650084a000 ---p 00017000 08:01 13111979                   /lib/x86_64-linux-gnu/libgcc_s.so.1
7f650084a000-7f650084b000 r--p 00016000 08:01 13111979                   /lib/x86_64-linux-gnu/libgcc_s.so.1
7f650084b000-7f650084c000 rw-p 00017000 08:01 13111979                   /lib/x86_64-linux-gnu/libgcc_s.so.1
7f650084c000-7f65009c5000 r-xp 00000000 08:01 16515268                   /usr/lib/x86_64-linux-gnu/libstdc++.so.6.0.25
7f65009c5000-7f6500bc5000 ---p 00179000 08:01 16515268                   /usr/lib/x86_64-linux-gnu/libstdc++.so.6.0.25
7f6500bc5000-7f6500bcf000 r--p 00179000 08:01 16515268                   /usr/lib/x86_64-linux-gnu/libstdc++.so.6.0.25
7f6500bcf000-7f6500bd1000 rw-p 00183000 08:01 16515268                   /usr/lib/x86_64-linux-gnu/libstdc++.so.6.0.25
7f6500bd1000-7f6500bd5000 rw-p 00000000 00:00 0 
7f6500bd5000-7f6500bd6000 r--s 00003000 08:01 16921128                   /opt/git/liferay-portal/.gradle/wrapper/dists/gradle-4.10.2.LIFERAY-PATCHED-3-bin/e7wcqe1ype7bnmhrlgjopgpge/gradle-4.10.2/lib/plugins/aether-spi-1.13.1.jar
7f6500bd6000-7f6500bd9000 r--s 0001d000 08:01 16921127                   /opt/git/liferay-portal/.gradle/wrapper/dists/gradle-4.10.2.LIFERAY-PATCHED-3-bin/e7wcqe1ype7bnmhrlgjopgpge/gradle-4.10.2/lib/plugins/aether-impl-1.13.1.jar
7f6500bd9000-7f6500bdd000 r--s 0001c000 08:01 16921129                   /opt/git/liferay-portal/.gradle/wrapper/dists/gradle-4.10.2.LIFERAY-PATCHED-3-bin/e7wcqe1ype7bnmhrlgjopgpge/gradle-4.10.2/lib/plugins/aether-util-1.13.1.jar
7f6500bdd000-7f6500be0000 r--s 00013000 08:01 16921125                   /opt/git/liferay-portal/.gradle/wrapper/dists/gradle-4.10.2.LIFERAY-PATCHED-3-bin/e7wcqe1ype7bnmhrlgjopgpge/gradle-4.10.2/lib/plugins/aether-api-1.13.1.jar
7f6500be0000-7f6500be5000 r--s 00034000 08:01 16932095                   /opt/git/liferay-portal/.gradle/wrapper/dists/gradle-4.10.2.LIFERAY-PATCHED-3-bin/e7wcqe1ype7bnmhrlgjopgpge/gradle-4.10.2/lib/plugins/gson-2.7.jar
7f6500be5000-7f6500be7000 r--s 00012000 08:01 16921131                   /opt/git/liferay-portal/.gradle/wrapper/dists/gradle-4.10.2.LIFERAY-PATCHED-3-bin/e7wcqe1ype7bnmhrlgjopgpge/gradle-4.10.2/lib/plugins/asm-util-6.2.jar
7f6500be7000-7f6500be9000 r--s 0000e000 08:01 16932094                   /opt/git/liferay-portal/.gradle/wrapper/dists/gradle-4.10.2.LIFERAY-PATCHED-3-bin/e7wcqe1ype7bnmhrlgjopgpge/gradle-4.10.2/lib/plugins/gradle-workers-4.10.2.jar
7f6500be9000-7f6500bf0000 r--s 00000000 08:01 16780197                   /usr/lib/x86_64-linux-gnu/gconv/gconv-modules.cache
7f6500bf0000-7f6500bf5000 r-xp 00000000 08:01 14947456                   /opt/git/liferay-portal/.gradle/native/25/linux-amd64/libnative-platform.so
7f6500bf5000-7f6500df4000 ---p 00005000 08:01 14947456                   /opt/git/liferay-portal/.gradle/native/25/linux-amd64/libnative-platform.so
7f6500df4000-7f6500df5000 rw-p 00004000 08:01 14947456                   /opt/git/liferay-portal/.gradle/native/25/linux-amd64/libnative-platform.so
7f6500df5000-7f6500df7000 r--s 00006000 08:01 16921088                   /opt/git/liferay-portal/.gradle/wrapper/dists/gradle-4.10.2.LIFERAY-PATCHED-3-bin/e7wcqe1ype7bnmhrlgjopgpge/gradle-4.10.2/lib/gradle-wrapper-4.10.2.jar
7f6500df7000-7f6500e06000 r--s 0004b000 08:01 16921087                   /opt/git/liferay-portal/.gradle/wrapper/dists/gradle-4.10.2.LIFERAY-PATCHED-3-bin/e7wcqe1ype7bnmhrlgjopgpge/gradle-4.10.2/lib/gradle-tooling-api-4.10.2.jar
7f6500e06000-7f6500e08000 r--s 00002000 08:01 16921104                   /opt/git/liferay-portal/.gradle/wrapper/dists/gradle-4.10.2.LIFERAY-PATCHED-3-bin/e7wcqe1ype7bnmhrlgjopgpge/gradle-4.10.2/lib/kotlin-stdlib-jdk8-1.2.61.jar
7f6500e08000-7f6500e09000 r--s 00000000 08:01 16921103                   /opt/git/liferay-portal/.gradle/wrapper/dists/gradle-4.10.2.LIFERAY-PATCHED-3-bin/e7wcqe1ype7bnmhrlgjopgpge/gradle-4.10.2/lib/kotlin-stdlib-jdk7-1.2.61.jar
7f6500e09000-7f6500e0f000 r--s 00015000 08:01 16921102                   /opt/git/liferay-portal/.gradle/wrapper/dists/gradle-4.10.2.LIFERAY-PATCHED-3-bin/e7wcqe1ype7bnmhrlgjopgpge/gradle-4.10.2/lib/kotlin-stdlib-common-1.2.61.jar
7f6500e0f000-7f6500e1f000 r--s 000db000 08:01 16921101                   /opt/git/liferay-portal/.gradle/wrapper/dists/gradle-4.10.2.LIFERAY-PATCHED-3-bin/e7wcqe1ype7bnmhrlgjopgpge/gradle-4.10.2/lib/kotlin-stdlib-1.2.61.jar
7f6500e1f000-7f6500e21000 r--s 00009000 08:01 16921100                   /opt/git/liferay-portal/.gradle/wrapper/dists/gradle-4.10.2.LIFERAY-PATCHED-3-bin/e7wcqe1ype7bnmhrlgjopgpge/gradle-4.10.2/lib/kotlin-script-runtime-1.2.61.jar
7f6500e21000-7f6500e22000 r--s 00002000 08:01 16921099                   /opt/git/liferay-portal/.gradle/wrapper/dists/gradle-4.10.2.LIFERAY-PATCHED-3-bin/e7wcqe1ype7bnmhrlgjopgpge/gradle-4.10.2/lib/kotlin-sam-with-receiver-compiler-plugin-1.2.61.jar
7f6500e22000-7f6500e57000 r--s 00241000 08:01 16921098                   /opt/git/liferay-portal/.gradle/wrapper/dists/gradle-4.10.2.LIFERAY-PATCHED-3-bin/e7wcqe1ype7bnmhrlgjopgpge/gradle-4.10.2/lib/kotlin-reflect-1.2.61.jar
7f6500e57000-7f6501022000 r--s 019b7000 08:01 16921097                   /opt/git/liferay-portal/.gradle/wrapper/dists/gradle-4.10.2.LIFERAY-PATCHED-3-bin/e7wcqe1ype7bnmhrlgjopgpge/gradle-4.10.2/lib/kotlin-compiler-embeddable-1.2.61.jar
7f6501022000-7f6501024000 r--s 00000000 08:01 16921076                   /opt/git/liferay-portal/.gradle/wrapper/dists/gradle-4.10.2.LIFERAY-PATCHED-3-bin/e7wcqe1ype7bnmhrlgjopgpge/gradle-4.10.2/lib/gradle-kotlin-dsl-tooling-models-1.0-rc-6.jar
7f6501024000-7f6501026000 r--s 00003000 08:01 16921050                   /opt/git/liferay-portal/.gradle/wrapper/dists/gradle-4.10.2.LIFERAY-PATCHED-3-bin/e7wcqe1ype7bnmhrlgjopgpge/gradle-4.10.2/lib/annotations-13.0.jar
7f6501026000-7f650103a000 r--s 00109000 08:01 16921073                   /opt/git/liferay-portal/.gradle/wrapper/dists/gradle-4.10.2.LIFERAY-PATCHED-3-bin/e7wcqe1ype7bnmhrlgjopgpge/gradle-4.10.2/lib/gradle-kotlin-dsl-1.0-rc-6.jar
7f650103a000-7f650103e000 r--s 00013000 08:01 16921065                   /opt/git/liferay-portal/.gradle/wrapper/dists/gradle-4.10.2.LIFERAY-PATCHED-3-bin/e7wcqe1ype7bnmhrlgjopgpge/gradle-4.10.2/lib/gradle-build-cache-4.10.2.jar
7f650103e000-7f6501044000 r--s 00034000 08:01 16921083                   /opt/git/liferay-portal/.gradle/wrapper/dists/gradle-4.10.2.LIFERAY-PATCHED-3-bin/e7wcqe1ype7bnmhrlgjopgpge/gradle-4.10.2/lib/gradle-persistent-cache-4.10.2.jar
7f6501044000-7f6501049000 r--s 00015000 08:01 16921085                   /opt/git/liferay-portal/.gradle/wrapper/dists/gradle-4.10.2.LIFERAY-PATCHED-3-bin/e7wcqe1ype7bnmhrlgjopgpge/gradle-4.10.2/lib/gradle-resources-4.10.2.jar
7f6501049000-7f650104a000 r--s 00003000 08:01 16921066                   /opt/git/liferay-portal/.gradle/wrapper/dists/gradle-4.10.2.LIFERAY-PATCHED-3-bin/e7wcqe1ype7bnmhrlgjopgpge/gradle-4.10.2/lib/gradle-build-option-4.10.2.jar
7f650104a000-7f650104b000 r--s 00006000 08:01 16921067                   /opt/git/liferay-portal/.gradle/wrapper/dists/gradle-4.10.2.LIFERAY-PATCHED-3-bin/e7wcqe1ype7bnmhrlgjopgpge/gradle-4.10.2/lib/gradle-cli-4.10.2.jar
7f650104b000-7f650104d000 r--s 00004000 08:01 16921106                   /opt/git/liferay-portal/.gradle/wrapper/dists/gradle-4.10.2.LIFERAY-PATCHED-3-bin/e7wcqe1ype7bnmhrlgjopgpge/gradle-4.10.2/lib/log4j-over-slf4j-1.7.16.jar
7f650104d000-7f650104f000 r--s 00000000 08:01 16921096                   /opt/git/liferay-portal/.gradle/wrapper/dists/gradle-4.10.2.LIFERAY-PATCHED-3-bin/e7wcqe1ype7bnmhrlgjopgpge/gradle-4.10.2/lib/jul-to-slf4j-1.7.16.jar
7f650104f000-7f6501051000 r--s 00003000 08:01 16921094                   /opt/git/liferay-portal/.gradle/wrapper/dists/gradle-4.10.2.LIFERAY-PATCHED-3-bin/e7wcqe1ype7bnmhrlgjopgpge/gradle-4.10.2/lib/jcl-over-slf4j-1.7.16.jar
7f6501051000-7f6501059000 r--s 00035000 08:01 16921078                   /opt/git/liferay-portal/.gradle/wrapper/dists/gradle-4.10.2.LIFERAY-PATCHED-3-bin/e7wcqe1ype7bnmhrlgjopgpge/gradle-4.10.2/lib/gradle-logging-4.10.2.jar
7f6501059000-7f6501068000 r--s 00085000 08:01 16921080                   /opt/git/liferay-portal/.gradle/wrapper/dists/gradle-4.10.2.LIFERAY-PATCHED-3-bin/e7wcqe1ype7bnmhrlgjopgpge/gradle-4.10.2/lib/gradle-model-core-4.10.2.jar
7f6501068000-7f650106a000 r--s 00006000 08:01 16921064                   /opt/git/liferay-portal/.gradle/wrapper/dists/gradle-4.10.2.LIFERAY-PATCHED-3-bin/e7wcqe1ype7bnmhrlgjopgpge/gradle-4.10.2/lib/gradle-base-services-groovy-4.10.2.jar
7f650106a000-7f650106c000 r--s 00007000 08:01 16921081                   /opt/git/liferay-portal/.gradle/wrapper/dists/gradle-4.10.2.LIFERAY-PATCHED-3-bin/e7wcqe1ype7bnmhrlgjopgpge/gradle-4.10.2/lib/gradle-model-groovy-4.10.2.jar
7f650106c000-7f650106d000 r--s 00006000 08:01 16921070                   /opt/git/liferay-portal/.gradle/wrapper/dists/gradle-4.10.2.LIFERAY-PATCHED-3-bin/e7wcqe1ype7bnmhrlgjopgpge/gradle-4.10.2/lib/gradle-docs-4.10.2.jar
7f650106d000-7f6501076000 r--s 0002d000 08:01 16932420                   /opt/git/liferay-portal/.gradle/wrapper/dists/gradle-4.10.2.LIFERAY-PATCHED-3-bin/e7wcqe1ype7bnmhrlgjopgpge/gradle-4.10.2/lib/xml-apis-1.4.01.jar
7f6501076000-7f6501077000 r--s 00000000 08:01 16921092                   /opt/git/liferay-portal/.gradle/wrapper/dists/gradle-4.10.2.LIFERAY-PATCHED-3-bin/e7wcqe1ype7bnmhrlgjopgpge/gradle-4.10.2/lib/javax.inject-1.jar
7f6501077000-7f65010e8000 r--s 00665000 08:01 16921089                   /opt/git/liferay-portal/.gradle/wrapper/dists/gradle-4.10.2.LIFERAY-PATCHED-3-bin/e7wcqe1ype7bnmhrlgjopgpge/gradle-4.10.2/lib/groovy-all-2.4.15.jar
7f65010e8000-7f65010f2000 r--s 00078000 08:01 16921058                   /opt/git/liferay-portal/.gradle/wrapper/dists/gradle-4.10.2.LIFERAY-PATCHED-3-bin/e7wcqe1ype7bnmhrlgjopgpge/gradle-4.10.2/lib/commons-compress-1.14.jar
7f65010f2000-7f65010ff000 r--s 00083000 08:01 16921057                   /opt/git/liferay-portal/.gradle/wrapper/dists/gradle-4.10.2.LIFERAY-PATCHED-3-bin/e7wcqe1ype7bnmhrlgjopgpge/gradle-4.10.2/lib/commons-collections-3.2.2.jar
7f65010ff000-7f6501100000 r--s 00007000 08:01 16921054                   /opt/git/liferay-portal/.gradle/wrapper/dists/gradle-4.10.2.LIFERAY-PATCHED-3-bin/e7wcqe1ype7bnmhrlgjopgpge/gradle-4.10.2/lib/asm-analysis-6.2.jar
7f6501100000-7f6501102000 r--s 0000b000 08:01 16921056                   /opt/git/liferay-portal/.gradle/wrapper/dists/gradle-4.10.2.LIFERAY-PATCHED-3-bin/e7wcqe1ype7bnmhrlgjopgpge/gradle-4.10.2/lib/asm-tree-6.2.jar
7f6501102000-7f6501104000 r--s 00012000 08:01 16921055                   /opt/git/liferay-portal/.gradle/wrapper/dists/gradle-4.10.2.LIFERAY-PATCHED-3-bin/e7wcqe1ype7bnmhrlgjopgpge/gradle-4.10.2/lib/asm-commons-6.2.jar
7f6501104000-7f6501105000 r--s 00004000 08:01 16921109                   /opt/git/liferay-portal/.gradle/wrapper/dists/gradle-4.10.2.LIFERAY-PATCHED-3-bin/e7wcqe1ype7bnmhrlgjopgpge/gradle-4.10.2/lib/native-platform-freebsd-amd64-libcpp-0.14.jar
7f6501105000-7f6501106000 r--s 00004000 08:01 16921110                   /opt/git/liferay-portal/.gradle/wrapper/dists/gradle-4.10.2.LIFERAY-PATCHED-3-bin/e7wcqe1ype7bnmhrlgjopgpge/gradle-4.10.2/lib/native-platform-freebsd-amd64-libstdcpp-0.14.jar
7f6501106000-7f6501107000 r--s 00004000 08:01 16921111                   /opt/git/liferay-portal/.gradle/wrapper/dists/gradle-4.10.2.LIFERAY-PATCHED-3-bin/e7wcqe1ype7bnmhrlgjopgpge/gradle-4.10.2/lib/native-platform-freebsd-i386-libcpp-0.14.jar
7f6501107000-7f6501108000 r--s 00003000 08:01 16921112                   /opt/git/liferay-portal/.gradle/wrapper/dists/gradle-4.10.2.LIFERAY-PATCHED-3-bin/e7wcqe1ype7bnmhrlgjopgpge/gradle-4.10.2/lib/native-platform-freebsd-i386-libstdcpp-0.14.jar
7f6501108000-7f6501109000 r--s 00002000 08:01 16921113                   /opt/git/liferay-portal/.gradle/wrapper/dists/gradle-4.10.2.LIFERAY-PATCHED-3-bin/e7wcqe1ype7bnmhrlgjopgpge/gradle-4.10.2/lib/native-platform-linux-amd64-0.14.jar
7f6501109000-7f650110a000 r--s 00002000 08:01 16921116                   /opt/git/liferay-portal/.gradle/wrapper/dists/gradle-4.10.2.LIFERAY-PATCHED-3-bin/e7wcqe1ype7bnmhrlgjopgpge/gradle-4.10.2/lib/native-platform-linux-i386-0.14.jar
7f650110a000-7f650110c000 r--s 00002000 08:01 16921119                   /opt/git/liferay-portal/.gradle/wrapper/dists/gradle-4.10.2.LIFERAY-PATCHED-3-bin/e7wcqe1ype7bnmhrlgjopgpge/gradle-4.10.2/lib/native-platform-osx-amd64-0.14.jar
7f650110c000-7f650110d000 r--s 00003000 08:01 16921120                   /opt/git/liferay-portal/.gradle/wrapper/dists/gradle-4.10.2.LIFERAY-PATCHED-3-bin/e7wcqe1ype7bnmhrlgjopgpge/gradle-4.10.2/lib/native-platform-osx-i386-0.14.jar
7f650110d000-7f650110f000 r--s 0000b000 08:01 16921121                   /opt/git/liferay-portal/.gradle/wrapper/dists/gradle-4.10.2.LIFERAY-PATCHED-3-bin/e7wcqe1ype7bnmhrlgjopgpge/gradle-4.10.2/lib/native-platform-windows-amd64-0.14.jar
7f650110f000-7f6501110000 r--s 0000b000 08:01 16921122                   /opt/git/liferay-portal/.gradle/wrapper/dists/gradle-4.10.2.LIFERAY-PATCHED-3-bin/e7wcqe1ype7bnmhrlgjopgpge/gradle-4.10.2/lib/native-platform-windows-i386-0.14.jar
7f6501110000-7f6501111000 r--s 00001000 08:01 16921114                   /opt/git/liferay-portal/.gradle/wrapper/dists/gradle-4.10.2.LIFERAY-PATCHED-3-bin/e7wcqe1ype7bnmhrlgjopgpge/gradle-4.10.2/lib/native-platform-linux-amd64-ncurses5-0.14.jar
7f6501111000-7f6501112000 r--s 00001000 08:01 16921115                   /opt/git/liferay-portal/.gradle/wrapper/dists/gradle-4.10.2.LIFERAY-PATCHED-3-bin/e7wcqe1ype7bnmhrlgjopgpge/gradle-4.10.2/lib/native-platform-linux-amd64-ncurses6-0.14.jar
7f6501112000-7f6501113000 r--s 00001000 08:01 16921117                   /opt/git/liferay-portal/.gradle/wrapper/dists/gradle-4.10.2.LIFERAY-PATCHED-3-bin/e7wcqe1ype7bnmhrlgjopgpge/gradle-4.10.2/lib/native-platform-linux-i386-ncurses5-0.14.jar
7f6501113000-7f6501117000 r--s 00012000 08:01 16921108                   /opt/git/liferay-portal/.gradle/wrapper/dists/gradle-4.10.2.LIFERAY-PATCHED-3-bin/e7wcqe1ype7bnmhrlgjopgpge/gradle-4.10.2/lib/native-platform-0.14.jar
7f6501117000-7f650111a000 r--s 00023000 08:01 16921091                   /opt/git/liferay-portal/.gradle/wrapper/dists/gradle-4.10.2.LIFERAY-PATCHED-3-bin/e7wcqe1ype7bnmhrlgjopgpge/gradle-4.10.2/lib/jansi-1.14.jar
7f650111a000-7f650111e000 r--s 0000c000 08:01 16921082                   /opt/git/liferay-portal/.gradle/wrapper/dists/gradle-4.10.2.LIFERAY-PATCHED-3-bin/e7wcqe1ype7bnmhrlgjopgpge/gradle-4.10.2/lib/gradle-native-4.10.2.jar
7f650111e000-7f6501120000 r--s 0000f000 08:01 16932416                   /opt/git/liferay-portal/.gradle/wrapper/dists/gradle-4.10.2.LIFERAY-PATCHED-3-bin/e7wcqe1ype7bnmhrlgjopgpge/gradle-4.10.2/lib/reflectasm-1.07-shaded.jar
7f6501120000-7f6501122000 r--s 00000000 08:01 16921107                   /opt/git/liferay-portal/.gradle/wrapper/dists/gradle-4.10.2.LIFERAY-PATCHED-3-bin/e7wcqe1ype7bnmhrlgjopgpge/gradle-4.10.2/lib/minlog-1.2.jar
7f6501122000-7f6501129000 r--s 0002d000 08:01 16921079                   /opt/git/liferay-portal/.gradle/wrapper/dists/gradle-4.10.2.LIFERAY-PATCHED-3-bin/e7wcqe1ype7bnmhrlgjopgpge/gradle-4.10.2/lib/gradle-messaging-4.10.2.jar
7f6501129000-7f6501151000 r--s 001cf000 08:01 16921090                   /opt/git/liferay-portal/.gradle/wrapper/dists/gradle-4.10.2.LIFERAY-PATCHED-3-bin/e7wcqe1ype7bnmhrlgjopgpge/gradle-4.10.2/lib/guava-jdk5-17.0.jar
7f6501151000-7f6501170000 r--s 001d9000 08:01 16921051                   /opt/git/liferay-portal/.gradle/wrapper/dists/gradle-4.10.2.LIFERAY-PATCHED-3-bin/e7wcqe1ype7bnmhrlgjopgpge/gradle-4.10.2/lib/ant-1.9.11.jar
7f6501170000-7f65011b6000 r--s 00265000 08:01 16921068                   /opt/git/liferay-portal/.gradle/wrapper/dists/gradle-4.10.2.LIFERAY-PATCHED-3-bin/e7wcqe1ype7bnmhrlgjopgpge/gradle-4.10.2/lib/gradle-core-4.10.2.jar
7f65011b6000-7f65011c3000 r--s 00037000 08:01 16921069                   /opt/git/liferay-portal/.gradle/wrapper/dists/gradle-4.10.2.LIFERAY-PATCHED-3-bin/e7wcqe1ype7bnmhrlgjopgpge/gradle-4.10.2/lib/gradle-core-api-4.10.2.jar
7f65011c3000-7f65011d4000 r-xp 00000000 08:01 8257781                    /opt/java/jdk1.8.0_191/jre/lib/amd64/libnio.so
7f65011d4000-7f65013d3000 ---p 00011000 08:01 8257781                    /opt/java/jdk1.8.0_191/jre/lib/amd64/libnio.so
7f65013d3000-7f65013d4000 r--p 00010000 08:01 8257781                    /opt/java/jdk1.8.0_191/jre/lib/amd64/libnio.so
7f65013d4000-7f65013d5000 rw-p 00011000 08:01 8257781                    /opt/java/jdk1.8.0_191/jre/lib/amd64/libnio.so
7f65013d5000-7f65013eb000 r-xp 00000000 08:01 8257778                    /opt/java/jdk1.8.0_191/jre/lib/amd64/libnet.so
7f65013eb000-7f65015ea000 ---p 00016000 08:01 8257778                    /opt/java/jdk1.8.0_191/jre/lib/amd64/libnet.so
7f65015ea000-7f65015eb000 r--p 00015000 08:01 8257778                    /opt/java/jdk1.8.0_191/jre/lib/amd64/libnet.so
7f65015eb000-7f65015ec000 rw-p 00016000 08:01 8257778                    /opt/java/jdk1.8.0_191/jre/lib/amd64/libnet.so
7f65015ec000-7f65015ed000 ---p 00000000 00:00 0 
7f65015ed000-7f65016ed000 rw-p 00000000 00:00 0 
7f65016ed000-7f65016f0000 ---p 00000000 00:00 0 
7f65016f0000-7f65017ee000 rw-p 00000000 00:00 0 
7f65017ee000-7f65017ef000 ---p 00000000 00:00 0 
7f65017ef000-7f65017f2000 ---p 00000000 00:00 0 
7f65017f2000-7f65018ef000 rw-p 00000000 00:00 0 
7f65018ef000-7f65018f0000 ---p 00000000 00:00 0 
7f65018f0000-7f65018f3000 ---p 00000000 00:00 0 
7f65018f3000-7f65019f0000 rw-p 00000000 00:00 0 
7f65019f0000-7f65019f3000 ---p 00000000 00:00 0 
7f65019f3000-7f6501af1000 rw-p 00000000 00:00 0 
7f6501af1000-7f65025f1000 r--p 00000000 08:01 16521843                   /usr/lib/locale/locale-archive
7f65025f1000-7f65025f4000 ---p 00000000 00:00 0 
7f65025f4000-7f65026f2000 rw-p 00000000 00:00 0 
7f65026f2000-7f65026f5000 ---p 00000000 00:00 0 
7f65026f5000-7f65027f3000 rw-p 00000000 00:00 0 
7f65027f3000-7f65027f4000 ---p 00000000 00:00 0 
7f65027f4000-7f650328e000 rw-p 00000000 00:00 0 
7f650328e000-7f6503468000 r--s 03d6c000 08:01 8129965                    /opt/java/jdk1.8.0_191/jre/lib/rt.jar
7f6503468000-7f6507e7b000 rw-p 00000000 00:00 0 
7f6507e7b000-7f6507e7c000 ---p 00000000 00:00 0 
7f6507e7c000-7f6508002000 rw-p 00000000 00:00 0 
7f6508002000-7f6508214000 ---p 00000000 00:00 0 
7f6508214000-7f650829a000 rw-p 00000000 00:00 0 
7f650829a000-7f65084ab000 ---p 00000000 00:00 0 
7f65084ab000-7f65085f7000 rw-p 00000000 00:00 0 
7f65085f7000-7f6508674000 rw-p 00000000 00:00 0 
7f6508674000-7f65089b8000 ---p 00000000 00:00 0 
7f65089b8000-7f650a888000 rwxp 00000000 00:00 0 
7f650a888000-7f65179b8000 ---p 00000000 00:00 0 
7f65179b8000-7f65179d2000 r-xp 00000000 08:01 8257774                    /opt/java/jdk1.8.0_191/jre/lib/amd64/libzip.so
7f65179d2000-7f6517bd2000 ---p 0001a000 08:01 8257774                    /opt/java/jdk1.8.0_191/jre/lib/amd64/libzip.so
7f6517bd2000-7f6517bd3000 r--p 0001a000 08:01 8257774                    /opt/java/jdk1.8.0_191/jre/lib/amd64/libzip.so
7f6517bd3000-7f6517bd4000 rw-p 0001b000 08:01 8257774                    /opt/java/jdk1.8.0_191/jre/lib/amd64/libzip.so
7f6517bd4000-7f6517bdf000 r-xp 00000000 08:01 13112055                   /lib/x86_64-linux-gnu/libnss_files-2.27.so
7f6517bdf000-7f6517dde000 ---p 0000b000 08:01 13112055                   /lib/x86_64-linux-gnu/libnss_files-2.27.so
7f6517dde000-7f6517ddf000 r--p 0000a000 08:01 13112055                   /lib/x86_64-linux-gnu/libnss_files-2.27.so
7f6517ddf000-7f6517de0000 rw-p 0000b000 08:01 13112055                   /lib/x86_64-linux-gnu/libnss_files-2.27.so
7f6517de0000-7f6517de6000 rw-p 00000000 00:00 0 
7f6517de6000-7f6517dfd000 r-xp 00000000 08:01 13112049                   /lib/x86_64-linux-gnu/libnsl-2.27.so
7f6517dfd000-7f6517ffc000 ---p 00017000 08:01 13112049                   /lib/x86_64-linux-gnu/libnsl-2.27.so
7f6517ffc000-7f6517ffd000 r--p 00016000 08:01 13112049                   /lib/x86_64-linux-gnu/libnsl-2.27.so
7f6517ffd000-7f6517ffe000 rw-p 00017000 08:01 13112049                   /lib/x86_64-linux-gnu/libnsl-2.27.so
7f6517ffe000-7f6518000000 rw-p 00000000 00:00 0 
7f6518000000-7f651a20d000 rw-p 00000000 00:00 0 
7f651a20d000-7f651c000000 ---p 00000000 00:00 0 
7f651c000000-7f651c002000 r--s 00007000 08:01 16921123                   /opt/git/liferay-portal/.gradle/wrapper/dists/gradle-4.10.2.LIFERAY-PATCHED-3-bin/e7wcqe1ype7bnmhrlgjopgpge/gradle-4.10.2/lib/objenesis-1.2.jar
7f651c002000-7f651c006000 r--s 00026000 08:01 16921105                   /opt/git/liferay-portal/.gradle/wrapper/dists/gradle-4.10.2.LIFERAY-PATCHED-3-bin/e7wcqe1ype7bnmhrlgjopgpge/gradle-4.10.2/lib/kryo-2.20.jar
7f651c006000-7f651c008000 r--s 00006000 08:01 16921084                   /opt/git/liferay-portal/.gradle/wrapper/dists/gradle-4.10.2.LIFERAY-PATCHED-3-bin/e7wcqe1ype7bnmhrlgjopgpge/gradle-4.10.2/lib/gradle-process-services-4.10.2.jar
7f651c008000-7f651c00a000 r--s 00000000 08:01 16921072                   /opt/git/liferay-portal/.gradle/wrapper/dists/gradle-4.10.2.LIFERAY-PATCHED-3-bin/e7wcqe1ype7bnmhrlgjopgpge/gradle-4.10.2/lib/gradle-jvm-services-4.10.2.jar
7f651c00a000-7f651c00c000 r--s 00006000 08:01 16921095                   /opt/git/liferay-portal/.gradle/wrapper/dists/gradle-4.10.2.LIFERAY-PATCHED-3-bin/e7wcqe1ype7bnmhrlgjopgpge/gradle-4.10.2/lib/jsr305-2.0.1.jar
7f651c00c000-7f651c018000 r--s 00064000 08:01 16921063                   /opt/git/liferay-portal/.gradle/wrapper/dists/gradle-4.10.2.LIFERAY-PATCHED-3-bin/e7wcqe1ype7bnmhrlgjopgpge/gradle-4.10.2/lib/gradle-base-services-4.10.2.jar
7f651c018000-7f651c08e000 rw-p 00000000 00:00 0 
7f651c08e000-7f651c08f000 ---p 00000000 00:00 0 
7f651c08f000-7f651c18f000 rw-p 00000000 00:00 0 
7f651c18f000-7f651c19a000 r-xp 00000000 08:01 13112066                   /lib/x86_64-linux-gnu/libnss_nis-2.27.so
7f651c19a000-7f651c399000 ---p 0000b000 08:01 13112066                   /lib/x86_64-linux-gnu/libnss_nis-2.27.so
7f651c399000-7f651c39a000 r--p 0000a000 08:01 13112066                   /lib/x86_64-linux-gnu/libnss_nis-2.27.so
7f651c39a000-7f651c39b000 rw-p 0000b000 08:01 13112066                   /lib/x86_64-linux-gnu/libnss_nis-2.27.so
7f651c39b000-7f651c3a3000 r-xp 00000000 08:01 13112051                   /lib/x86_64-linux-gnu/libnss_compat-2.27.so
7f651c3a3000-7f651c5a3000 ---p 00008000 08:01 13112051                   /lib/x86_64-linux-gnu/libnss_compat-2.27.so
7f651c5a3000-7f651c5a4000 r--p 00008000 08:01 13112051                   /lib/x86_64-linux-gnu/libnss_compat-2.27.so
7f651c5a4000-7f651c5a5000 rw-p 00009000 08:01 13112051                   /lib/x86_64-linux-gnu/libnss_compat-2.27.so
7f651c5a5000-7f651c5d2000 r-xp 00000000 08:01 8257768                    /opt/java/jdk1.8.0_191/jre/lib/amd64/libjava.so
7f651c5d2000-7f651c7d1000 ---p 0002d000 08:01 8257768                    /opt/java/jdk1.8.0_191/jre/lib/amd64/libjava.so
7f651c7d1000-7f651c7d2000 r--p 0002c000 08:01 8257768                    /opt/java/jdk1.8.0_191/jre/lib/amd64/libjava.so
7f651c7d2000-7f651c7d4000 rw-p 0002d000 08:01 8257768                    /opt/java/jdk1.8.0_191/jre/lib/amd64/libjava.so
7f651c7d4000-7f651c7e1000 r-xp 00000000 08:01 8257773                    /opt/java/jdk1.8.0_191/jre/lib/amd64/libverify.so
7f651c7e1000-7f651c9e0000 ---p 0000d000 08:01 8257773                    /opt/java/jdk1.8.0_191/jre/lib/amd64/libverify.so
7f651c9e0000-7f651c9e2000 r--p 0000c000 08:01 8257773                    /opt/java/jdk1.8.0_191/jre/lib/amd64/libverify.so
7f651c9e2000-7f651c9e3000 rw-p 0000e000 08:01 8257773                    /opt/java/jdk1.8.0_191/jre/lib/amd64/libverify.so
7f651c9e3000-7f651c9ea000 r-xp 00000000 08:01 13112106                   /lib/x86_64-linux-gnu/librt-2.27.so
7f651c9ea000-7f651cbe9000 ---p 00007000 08:01 13112106                   /lib/x86_64-linux-gnu/librt-2.27.so
7f651cbe9000-7f651cbea000 r--p 00006000 08:01 13112106                   /lib/x86_64-linux-gnu/librt-2.27.so
7f651cbea000-7f651cbeb000 rw-p 00007000 08:01 13112106                   /lib/x86_64-linux-gnu/librt-2.27.so
7f651cbeb000-7f651cd88000 r-xp 00000000 08:01 13112028                   /lib/x86_64-linux-gnu/libm-2.27.so
7f651cd88000-7f651cf87000 ---p 0019d000 08:01 13112028                   /lib/x86_64-linux-gnu/libm-2.27.so
7f651cf87000-7f651cf88000 r--p 0019c000 08:01 13112028                   /lib/x86_64-linux-gnu/libm-2.27.so
7f651cf88000-7f651cf89000 rw-p 0019d000 08:01 13112028                   /lib/x86_64-linux-gnu/libm-2.27.so
7f651cf89000-7f651dc6b000 r-xp 00000000 08:01 8257750                    /opt/java/jdk1.8.0_191/jre/lib/amd64/server/libjvm.so
7f651dc6b000-7f651de6b000 ---p 00ce2000 08:01 8257750                    /opt/java/jdk1.8.0_191/jre/lib/amd64/server/libjvm.so
7f651de6b000-7f651df01000 r--p 00ce2000 08:01 8257750                    /opt/java/jdk1.8.0_191/jre/lib/amd64/server/libjvm.so
7f651df01000-7f651df32000 rw-p 00d78000 08:01 8257750                    /opt/java/jdk1.8.0_191/jre/lib/amd64/server/libjvm.so
7f651df32000-7f651df6d000 rw-p 00000000 00:00 0 
7f651df6d000-7f651e154000 r-xp 00000000 08:01 13111965                   /lib/x86_64-linux-gnu/libc-2.27.so
7f651e154000-7f651e354000 ---p 001e7000 08:01 13111965                   /lib/x86_64-linux-gnu/libc-2.27.so
7f651e354000-7f651e358000 r--p 001e7000 08:01 13111965                   /lib/x86_64-linux-gnu/libc-2.27.so
7f651e358000-7f651e35a000 rw-p 001eb000 08:01 13111965                   /lib/x86_64-linux-gnu/libc-2.27.so
7f651e35a000-7f651e35e000 rw-p 00000000 00:00 0 
7f651e35e000-7f651e361000 r-xp 00000000 08:01 13111988                   /lib/x86_64-linux-gnu/libdl-2.27.so
7f651e361000-7f651e560000 ---p 00003000 08:01 13111988                   /lib/x86_64-linux-gnu/libdl-2.27.so
7f651e560000-7f651e561000 r--p 00002000 08:01 13111988                   /lib/x86_64-linux-gnu/libdl-2.27.so
7f651e561000-7f651e562000 rw-p 00003000 08:01 13111988                   /lib/x86_64-linux-gnu/libdl-2.27.so
7f651e562000-7f651e579000 r-xp 00000000 08:01 8129859                    /opt/java/jdk1.8.0_191/lib/amd64/jli/libjli.so
7f651e579000-7f651e778000 ---p 00017000 08:01 8129859                    /opt/java/jdk1.8.0_191/lib/amd64/jli/libjli.so
7f651e778000-7f651e779000 r--p 00016000 08:01 8129859                    /opt/java/jdk1.8.0_191/lib/amd64/jli/libjli.so
7f651e779000-7f651e77a000 rw-p 00017000 08:01 8129859                    /opt/java/jdk1.8.0_191/lib/amd64/jli/libjli.so
7f651e77a000-7f651e794000 r-xp 00000000 08:01 13112098                   /lib/x86_64-linux-gnu/libpthread-2.27.so
7f651e794000-7f651e993000 ---p 0001a000 08:01 13112098                   /lib/x86_64-linux-gnu/libpthread-2.27.so
7f651e993000-7f651e994000 r--p 00019000 08:01 13112098                   /lib/x86_64-linux-gnu/libpthread-2.27.so
7f651e994000-7f651e995000 rw-p 0001a000 08:01 13112098                   /lib/x86_64-linux-gnu/libpthread-2.27.so
7f651e995000-7f651e999000 rw-p 00000000 00:00 0 
7f651e999000-7f651e9c0000 r-xp 00000000 08:01 13111937                   /lib/x86_64-linux-gnu/ld-2.27.so
7f651e9c0000-7f651e9c1000 r--s 00001000 08:01 16921118                   /opt/git/liferay-portal/.gradle/wrapper/dists/gradle-4.10.2.LIFERAY-PATCHED-3-bin/e7wcqe1ype7bnmhrlgjopgpge/gradle-4.10.2/lib/native-platform-linux-i386-ncurses6-0.14.jar
7f651e9c1000-7f651e9c4000 r--s 0001a000 08:01 16921061                   /opt/git/liferay-portal/.gradle/wrapper/dists/gradle-4.10.2.LIFERAY-PATCHED-3-bin/e7wcqe1ype7bnmhrlgjopgpge/gradle-4.10.2/lib/fastutil-7.2.1-min.jar
7f651e9c4000-7f651e9c8000 r--s 0002a000 08:01 16921059                   /opt/git/liferay-portal/.gradle/wrapper/dists/gradle-4.10.2.LIFERAY-PATCHED-3-bin/e7wcqe1ype7bnmhrlgjopgpge/gradle-4.10.2/lib/commons-io-2.4.jar
7f651e9c8000-7f651e9d5000 r--s 00068000 08:01 16921077                   /opt/git/liferay-portal/.gradle/wrapper/dists/gradle-4.10.2.LIFERAY-PATCHED-3-bin/e7wcqe1ype7bnmhrlgjopgpge/gradle-4.10.2/lib/gradle-launcher-4.10.2.jar
7f651e9d5000-7f651eaa0000 rw-p 00000000 00:00 0 
7f651eaa0000-7f651eaa1000 ---p 00000000 00:00 0 
7f651eaa1000-7f651eaa4000 ---p 00000000 00:00 0 
7f651eaa4000-7f651eba5000 rw-p 00000000 00:00 0 
7f651eba5000-7f651eba6000 r--s 00000000 08:01 16921093                   /opt/git/liferay-portal/.gradle/wrapper/dists/gradle-4.10.2.LIFERAY-PATCHED-3-bin/e7wcqe1ype7bnmhrlgjopgpge/gradle-4.10.2/lib/jcip-annotations-1.0.jar
7f651eba6000-7f651eba8000 r--s 0001a000 08:01 16921053                   /opt/git/liferay-portal/.gradle/wrapper/dists/gradle-4.10.2.LIFERAY-PATCHED-3-bin/e7wcqe1ype7bnmhrlgjopgpge/gradle-4.10.2/lib/asm-6.2.jar
7f651eba8000-7f651eba9000 r--s 00009000 08:01 16932418                   /opt/git/liferay-portal/.gradle/wrapper/dists/gradle-4.10.2.LIFERAY-PATCHED-3-bin/e7wcqe1ype7bnmhrlgjopgpge/gradle-4.10.2/lib/slf4j-api-1.7.16.jar
7f651eba9000-7f651ebae000 r--s 00041000 08:01 16921060                   /opt/git/liferay-portal/.gradle/wrapper/dists/gradle-4.10.2.LIFERAY-PATCHED-3-bin/e7wcqe1ype7bnmhrlgjopgpge/gradle-4.10.2/lib/commons-lang-2.6.jar
7f651ebae000-7f651ebaf000 r--s 00004000 08:01 16921052                   /opt/git/liferay-portal/.gradle/wrapper/dists/gradle-4.10.2.LIFERAY-PATCHED-3-bin/e7wcqe1ype7bnmhrlgjopgpge/gradle-4.10.2/lib/ant-launcher-1.9.11.jar
7f651ebaf000-7f651ebb4000 r--s 000a0000 08:01 8129970                    /opt/java/jdk1.8.0_191/jre/lib/jsse.jar
7f651ebb4000-7f651ebb6000 r--s 0000c000 08:01 14290725                   /opt/git/liferay-portal/gradle/wrapper/gradle-wrapper.jar
7f651ebb6000-7f651ebbe000 rw-s 00000000 08:01 13505769                   /tmp/hsperfdata_liferay/25398
7f651ebbe000-7f651ebbf000 rw-p 00000000 00:00 0 
7f651ebbf000-7f651ebc0000 ---p 00000000 00:00 0 
7f651ebc0000-7f651ebc1000 r--p 00027000 08:01 13111937                   /lib/x86_64-linux-gnu/ld-2.27.so
7f651ebc1000-7f651ebc2000 rw-p 00028000 08:01 13111937                   /lib/x86_64-linux-gnu/ld-2.27.so
7f651ebc2000-7f651ebc3000 rw-p 00000000 00:00 0 
7fffc9a24000-7fffc9a45000 rw-p 00000000 00:00 0                          [stack]
7fffc9ad1000-7fffc9ad4000 r--p 00000000 00:00 0                          [vvar]
7fffc9ad4000-7fffc9ad6000 r-xp 00000000 00:00 0                          [vdso]
ffffffffff600000-ffffffffff601000 r-xp 00000000 00:00 0                  [vsyscall]

VM Arguments:
jvm_args: -Dgradle.user.home=/opt/git/liferay-portal/.gradle -Dorg.gradle.appname=gradlew 
java_command: org.gradle.wrapper.GradleWrapperMain --init-script=/opt/git/liferay-portal/modules/init.gradle clean build
java_class_path (initial): /opt/git/liferay-portal/gradle/wrapper/gradle-wrapper.jar
Launcher Type: SUN_STANDARD

Environment Variables:
JAVA_HOME=/opt/java/jdk1.8.0_191
PATH=/opt/java/jdk1.8.0_191/bin:/usr/local/sbin:/usr/local/bin:/usr/sbin:/usr/bin:/sbin:/bin:/usr/games:/usr/local/games:/snap/bin:/home/liferay/.npm-packages/bin:/home/liferay/jpm/bin
SHELL=/bin/bash
DISPLAY=:0.0

Signal Handlers:
SIGSEGV: [libjvm.so+0xaced60], sa_mask[0]=11111111011111111101111111111110, sa_flags=SA_RESTART|SA_SIGINFO
SIGBUS: [libjvm.so+0xaced60], sa_mask[0]=11111111011111111101111111111110, sa_flags=SA_RESTART|SA_SIGINFO
SIGFPE: [libjvm.so+0x907ca0], sa_mask[0]=11111111011111111101111111111110, sa_flags=SA_RESTART|SA_SIGINFO
SIGPIPE: [libjvm.so+0x907ca0], sa_mask[0]=11111111011111111101111111111110, sa_flags=SA_RESTART|SA_SIGINFO
SIGXFSZ: [libjvm.so+0x907ca0], sa_mask[0]=11111111011111111101111111111110, sa_flags=SA_RESTART|SA_SIGINFO
SIGILL: [libjvm.so+0x907ca0], sa_mask[0]=11111111011111111101111111111110, sa_flags=SA_RESTART|SA_SIGINFO
SIGUSR1: SIG_DFL, sa_mask[0]=00000000000000000000000000000000, sa_flags=none
SIGUSR2: [libjvm.so+0x907b70], sa_mask[0]=00000000000000000000000000000000, sa_flags=SA_RESTART|SA_SIGINFO
SIGHUP: [libjvm.so+0x908190], sa_mask[0]=11111111011111111101111111111110, sa_flags=SA_RESTART|SA_SIGINFO
SIGINT: [libjvm.so+0x908190], sa_mask[0]=11111111011111111101111111111110, sa_flags=SA_RESTART|SA_SIGINFO
SIGTERM: [libjvm.so+0x908190], sa_mask[0]=11111111011111111101111111111110, sa_flags=SA_RESTART|SA_SIGINFO
SIGQUIT: [libjvm.so+0x908190], sa_mask[0]=11111111011111111101111111111110, sa_flags=SA_RESTART|SA_SIGINFO


---------------  S Y S T E M  ---------------

OS:DISTRIB_ID=Ubuntu
DISTRIB_RELEASE=18.04
DISTRIB_CODENAME=bionic
DISTRIB_DESCRIPTION="Ubuntu 18.04.2 LTS"

uname:Linux 4.15.0-64-generic #73-Ubuntu SMP Thu Sep 12 13:16:13 UTC 2019 x86_64
libc:glibc 2.27 NPTL 2.27 
rlimit: STACK 8192k, CORE 0k, NPROC 31573, NOFILE 1048576, AS infinity
load average:1,02 0,64 0,88

/proc/meminfo:
MemTotal:        8144560 kB
MemFree:          121936 kB
MemAvailable:      39368 kB
Buffers:             664 kB
Cached:            55204 kB
SwapCached:         4592 kB
Active:          6626208 kB
Inactive:         953320 kB
Active(anon):    6621072 kB
Inactive(anon):   940624 kB
Active(file):       5136 kB
Inactive(file):    12696 kB
Unevictable:          64 kB
Mlocked:              64 kB
SwapTotal:       2097148 kB
SwapFree:           6432 kB
Dirty:               184 kB
Writeback:             0 kB
AnonPages:       7519316 kB
Mapped:            49576 kB
Shmem:             38028 kB
Slab:             223336 kB
SReclaimable:      90576 kB
SUnreclaim:       132760 kB
KernelStack:       30672 kB
PageTables:        55688 kB
NFS_Unstable:          0 kB
Bounce:                0 kB
WritebackTmp:          0 kB
CommitLimit:     6169428 kB
Committed_AS:   13806776 kB
VmallocTotal:   34359738367 kB
VmallocUsed:           0 kB
VmallocChunk:          0 kB
HardwareCorrupted:     0 kB
AnonHugePages:         0 kB
ShmemHugePages:        0 kB
ShmemPmdMapped:        0 kB
CmaTotal:              0 kB
CmaFree:               0 kB
HugePages_Total:       0
HugePages_Free:        0
HugePages_Rsvd:        0
HugePages_Surp:        0
Hugepagesize:       2048 kB
DirectMap4k:      403264 kB
DirectMap2M:     7985152 kB
DirectMap1G:     2097152 kB

container (cgroup) information:
container_type: cgroupv1
cpu_cpuset_cpus: 0-1
cpu_memory_nodes: 0
active_processor_count: 2
cpu_quota: -1
cpu_period: 100000
cpu_shares: -1
memory_limit_in_bytes: -1
memory_and_swap_limit_in_bytes: -2
memory_soft_limit_in_bytes: -1
memory_usage_in_bytes: 7676284928
memory_max_usage_in_bytes: 7723995136


CPU:total 2 (initial active 2) (1 cores per cpu, 1 threads per core) family 6 model 70 stepping 1, cmov, cx8, fxsr, mmx, sse, sse2, sse3, ssse3, sse4.1, sse4.2, popcnt, avx, avx2, aes, clmul, erms, lzcnt, tsc, tscinvbit, bmi1, bmi2

/proc/cpuinfo:
processor	: 0
vendor_id	: GenuineIntel
cpu family	: 6
model		: 70
model name	: Intel(R) Core(TM) i7-4870HQ CPU @ 2.50GHz
stepping	: 1
microcode	: 0x1b
cpu MHz		: 2494.367
cache size	: 6144 KB
physical id	: 0
siblings	: 1
core id		: 0
cpu cores	: 1
apicid		: 0
initial apicid	: 0
fpu		: yes
fpu_exception	: yes
cpuid level	: 13
wp		: yes
flags		: fpu vme de pse tsc msr pae mce cx8 apic sep mtrr pge mca cmov pat pse36 clflush mmx fxsr sse sse2 ss syscall nx pdpe1gb rdtscp lm constant_tsc arch_perfmon nopl xtopology tsc_reliable nonstop_tsc cpuid pni pclmulqdq ssse3 fma cx16 pcid sse4_1 sse4_2 x2apic movbe popcnt tsc_deadline_timer aes xsave avx f16c rdrand hypervisor lahf_lm abm cpuid_fault invpcid_single pti ssbd ibrs ibpb stibp fsgsbase tsc_adjust bmi1 avx2 smep bmi2 invpcid xsaveopt arat md_clear flush_l1d arch_capabilities
bugs		: cpu_meltdown spectre_v1 spectre_v2 spec_store_bypass l1tf mds swapgs
bogomips	: 4988.73
clflush size	: 64
cache_alignment	: 64
address sizes	: 43 bits physical, 48 bits virtual
power management:

processor	: 1
vendor_id	: GenuineIntel
cpu family	: 6
model		: 70
model name	: Intel(R) Core(TM) i7-4870HQ CPU @ 2.50GHz
stepping	: 1
microcode	: 0x1b
cpu MHz		: 2494.367
cache size	: 6144 KB
physical id	: 2
siblings	: 1
core id		: 0
cpu cores	: 1
apicid		: 2
initial apicid	: 2
fpu		: yes
fpu_exception	: yes
cpuid level	: 13
wp		: yes
flags		: fpu vme de pse tsc msr pae mce cx8 apic sep mtrr pge mca cmov pat pse36 clflush mmx fxsr sse sse2 ss syscall nx pdpe1gb rdtscp lm constant_tsc arch_perfmon nopl xtopology tsc_reliable nonstop_tsc cpuid pni pclmulqdq ssse3 fma cx16 pcid sse4_1 sse4_2 x2apic movbe popcnt tsc_deadline_timer aes xsave avx f16c rdrand hypervisor lahf_lm abm cpuid_fault invpcid_single pti ssbd ibrs ibpb stibp fsgsbase tsc_adjust bmi1 avx2 smep bmi2 invpcid xsaveopt arat md_clear flush_l1d arch_capabilities
bugs		: cpu_meltdown spectre_v1 spectre_v2 spec_store_bypass l1tf mds swapgs
bogomips	: 4988.73
clflush size	: 64
cache_alignment	: 64
address sizes	: 43 bits physical, 48 bits virtual
power management:



Memory: 4k page, physical 8144560k(121564k free), swap 2097148k(6432k free)

vm_info: Java HotSpot(TM) 64-Bit Server VM (25.191-b12) for linux-amd64 JRE (1.8.0_191-b12), built on Oct  6 2018 05:43:09 by "java_re" with gcc 7.3.0

time: Tue Oct  8 13:30:11 2019
elapsed time: 26 seconds (0d 0h 0m 26s)

